city_name_raw,city_name_standardized,longitude,latitude,wikidata_id
Santiago de Chilé,Santiago,-70.65,-33.4375,Q2887
Halle,Halle (Saale),11.969722222222222,51.48277777777778,Q2814
Brugge,Bruges,3.2241666666666666,51.208888888888886,Q12994
Amsterdam,Amsterdam,4.883333333333333,52.36666666666667,Q727
Chalons-sur-Marne,Châlons-en-Champagne,4.3644444444444,48.956666666667,Q47135
Purmerende,Purmerend,4.964167,52.505,Q110423208
Strasbourg,Strasbourg,7.7522222222222,48.573333333333,Q6602
Courtrai,Kortrijk,3.265833333333333,50.8275,Q12995
Avignon,Avignon,4.8083333333333,43.948611111111,Q6397
Valence,Valence,4.8908333333333,44.9325,Q8848
Marburg,Marburg,8.7666666666667,50.816666666667,Q3869
Tokio,Tokyo,139.69166666666666,35.68944444444445,Q1490
Fontenay-le-Comte,Fontenay-le-Comte (munisipyo),-0.80639,46.46694,Q49462397
Auxerre,Auxerre,3.5669444444444,47.7975,Q167600
Zürich,Zurich,8.54111111111111,47.37444444444444,Q72
Keulen,Cologne,6.9577777777778,50.942222222222,Q365
Aalst,Aalst,4.039166666666667,50.93833333333333,Q13121
Bruges,Bruges,3.2241666666666666,51.208888888888886,Q12994
A Bruxelles,Brussels,4.351666666666667,50.846666666666664,Q239
[Roma],Rome,12.482777777778,41.893055555556,Q220
Agen,Agen,0.61861111111111,44.203055555556,Q6625
Ath,Ath,3.776941,50.631139,Q95096
Moscou,Moscow,37.6175,55.75055555555556,Q649
Tolosa,Toulouse,1.4433333333333334,43.60444444444445,Q7880
Lierre,Lier,4.5697222222222225,51.13111111111111,Q12460
Spa,Spa,5.862210536826656,50.492277196772356,Q39865
Leiden,Leiden,4.49,52.16,Q43631
Marburgi-Cattorum,Marburg,8.7666666666667,50.816666666667,Q3869
[Italië?],Italië,,,
[Paris?],Paris,2.352222222222222,48.85666666666667,Q90
Venetië,Venice,12.331944444444,45.439722222222,Q641
Nürnberg,Nuremberg,11.0775,49.45388888888889,Q2090
Brussels,Brussels,4.351666666666667,50.846666666666664,Q239
Bruxellae,Brussels,4.351666666666667,50.846666666666664,Q239
Milano,Milan,9.19,45.466944444444,Q490
Mechelen,Mechelen,4.480277777777777,51.028055555555554,Q162022
Lisboa,Lisbon,-9.139016,38.708042,Q597
et se vend a Bruxelles,Brussels,4.351666666666667,50.846666666666664,Q239
Parisiis,Paris,2.352222222222222,48.85666666666667,Q90
Verona,Verona,10.992777777777778,45.43861111111111,Q2028
Alais,Alès,4.0808333333333,44.127222222222,Q193183
Anvers,Antwerp,4.3997222222222225,51.221111111111114,Q12892
Dijon,Dijon,5.0419444444444,47.323055555556,Q7003
[Gent],Ghent,3.725277777777778,51.05361111111111,Q1296
St Ghislain,Saint-Ghislain,3.8166666666667,50.45,Q668950
St. Petersburg,Saint Petersburg,30.316666666667,59.95,Q656
Melano,Milan,9.19,45.466944444444,Q490
Praga,Prague,14.421388888888888,50.0875,Q1085
Falaise,Falaise,-0.1975,48.897222222222,Q193306
Lipsiae,Leipzig,12.3747329,51.3406321,Q2079
St-Vallier,Saint-Vallier,4.8152777777778,45.178611111111,Q219321
Leyden,Leiden,4.49,52.16,Q43631
Bourg,Bourg,-0.55722222222222,45.04,Q715671
Namur,Namur,4.8666666666667,50.466666666667,Q134121
Kopenhagen,Copenhagen,12.568888888889,55.676111111111,Q1748
St-Pétersbourg,Saint Petersburg,30.316666666667,59.95,Q656
Lausanne,Lausanne,6.6333333333333,46.533333333333,Q807
St.-Pétersbourg,Saint Petersburg,30.316666666667,59.95,Q656
Coimbra,Coimbra,-8.427,40.209,Q3348861
Rousselare,Roeselare,3.1233333333333,50.944722222222,Q211037
Cassel,Kassel,9.4979166666667,51.315777777778,Q2865
Helsingfors,Helsinki,24.9375,60.170833333333334,Q1757
Melbourne,Melbourne,144.96305555555554,-37.814166666666665,Q3141
Modena,Modena,10.92572,44.64582,Q279
Montevideo,Montevideo,-56.19131111111111,-34.90591666666667,Q1335
Ieper,Ypres,2.885,50.850833333333334,Q102728
Tongeren,Tongeren,5.4631,50.7794,Q190113
Francofurti ad Maenum,Frankfurt,8.682222222222222,50.11055555555556,Q1794
Weimar,Weimar,11.329444444444444,50.98111111111111,Q3955
Breslau,Wrocław,17.0325,51.11,Q1799
Bois-le-Duc,’s-Hertogenbosch,5.3166666666667,51.7,Q2766547
Leuven,Leuven,4.704444,50.8775,Q118958
Burnoes Aires,Buenos Aires,-58.381944444444,-34.599722222222,Q1486
Tot Brussel,Brussels,4.351666666666667,50.846666666666664,Q239
Cambrai,Cambrai,3.2347222222222,50.175833333333,Q181285
Louvain,Leuven,4.704444,50.8775,Q118958
[Bruges?],Bruges,3.2241666666666666,51.208888888888886,Q12994
Amstelodami,Amsterdam,4.883333333333333,52.36666666666667,Q727
Rotterdam,Rotterdam,4.48,51.92,Q34370
Essen,Essen,7.0130555555556,51.450833333333,Q2066
Metz,Metz,6.1769444444444,49.119722222222,Q22690
[Bruxelles,Brussels,4.351666666666667,50.846666666666664,Q239
Glasgow,Glasgow,-4.25,55.861111111111114,Q4093
Barcelona,Barcelona,2.1769444444444,41.3825,Q1492
Hannover,Hanover,9.7386111111111,52.374444444444,Q1715
Karlsruhe,Karlsruhe,8.4,49.016666666667,Q1040
Caen,Caen,-0.3636111111111111,49.18138888888889,Q41185
Genève,Geneva,6.15,46.2,Q71
Wien,Vienna,16.3725,48.208333333333336,Q1741
Greifswald,Greifswald,13.383333333333,54.083333333333,Q4098
Frameries,Frameries,3.8905656,50.4087571,Q25634670
Pest,Budapest,19.040833333333,47.498333333333,Q1781
Padua,Padua,11.873333333333333,45.40777777777778,Q617
Padova,Padua,11.873333333333333,45.40777777777778,Q617
Tournay,Tournai,3.388055555555556,50.605555555555554,Q173219
et se trouve a Bruxelles,Brussels,4.351666666666667,50.846666666666664,Q239
Pisa,Pisa,10.4,43.716666666667,Q13375
Bruxellis,Brussels,4.351666666666667,50.846666666666664,Q239
(Belgique),Belgique,,,
Dendermonde,Dendermonde,4.0981,51.03123,Q13122
Orléans,Orléans,1.9041666666667,47.902222222222,Q6548
Peruwelz,Péruwelz,3.5889334,50.5117549,Q668630
Châlons-sur-Marne,Châlons-en-Champagne,4.3644444444444,48.956666666667,Q47135
[Anvers],Antwerp,4.3997222222222225,51.221111111111114,Q12892
Oxford,Oxford,-1.2577777777778,51.751944444444,Q34217
Madrid,Madrid,-3.703333333333333,40.41694444444445,Q2807
Rousselaere,Roeselare,3.1233333333333,50.944722222222,Q211037
[Lieu de publication non identifié],Unknown,,,
Marseille,Marseille,5.3763888888889,43.296666666667,Q23482
Toulouse,Toulouse,1.4433333333333334,43.60444444444445,Q7880
Amiens,Amiens,2.2977777777778,49.891944444444,Q41604
Neuchatel,Neuchâtel,6.9305555555556,46.990277777778,Q69345
Kasan,Kazan,49.114444444444,55.790833333333,Q900
Napoli,Naples,14.248611111111112,40.83583333333333,Q2634
Besançon,Besançon,6.0213888888889,47.242222222222,Q37776
Saint-Amand,Saint-Amand,2.5586111111111,50.164722222222,Q1067570
Aachen,Aachen,6.083788,50.776207,Q1017
Lyon,Lyon,4.835,45.7675,Q456
Hasselt,Hasselt,5.3384972222222,50.930480555556,Q58780
Ruremonde,Roermond,5.987222222222222,51.193333333333335,Q9783
[Plaats van uitgave niet geïdentificeerd],Unknown,,,
[Bruxelles?],Brussels,4.351666666666667,50.846666666666664,Q239
Ostende,Ostend,2.9194444444444443,51.225833333333334,Q12996
Versailles,Versailles,2.135,48.805,Q621
Lille,Lille,3.0575,50.631944444444,Q648
[Lille?],Lille,3.0575,50.631944444444,Q648
et se trouve à Bruxelles,Brussels,4.351666666666667,50.846666666666664,Q239
Valenciennes,Valenciennes,3.5233333333333334,50.35805555555555,Q163795
Verviers,Verviers,5.85,50.583333333333,Q202954
Tournai,Tournai,3.388055555555556,50.605555555555554,Q173219
Freiberg,Freiberg,13.342777777778,50.911944444444,Q14819
Antwerpen,Antwerp,4.3997222222222225,51.221111111111114,Q12892
Abbeville,Abbeville,1.8352777777778,50.105277777778,Q28520
Brussel,Brussels,4.351666666666667,50.846666666666664,Q239
Paris,Paris,2.352222222222222,48.85666666666667,Q90
Douai,Douai,3.0791666666667,50.370833333333,Q193826
Bonn,Bonn,7.102222222222222,50.735277777777775,Q586
Palermo,Palermo,13.361261944444445,38.115658055555556,Q2656
Cherbourg,Cherbourg,-1.6,49.63333333,Q3667188
Ixelles-lez-Bruxelles,Brussels,4.351666666666667,50.846666666666664,Q239
Vitoria,Victoria,-123.3657,48.422151,Q2132
Londen,London,-0.1275,51.507222222222,Q84
Echternach,Echternach,6.4216666666667,49.811666666667,Q204317
Méjico,Mexico City,-99.13589,19.353773,Q1489
Lier,Lier,4.5697222222222225,51.13111111111111,Q12460
St Pétersbourg,Saint Petersburg,30.316666666667,59.95,Q656
En Brabant,Brabant,,,
Prato,Prato,11.096561111111,43.880813888889,Q13377
Philadelphia,Philadelphia,-75.163611111111,39.952777777778,Q1345
[Salzbourg,Salzburg,13.045,47.8,Q34713
Gotha,Gotha,10.718333333333,50.948888888889,Q6986
Viennae,Vienna,16.3725,48.208333333333336,Q1741
Heilbronn,Heilbronn,9.217953,49.140428,Q715
St Gallen,St. Gallen,9.3772222222222,47.423333333333,Q25607
Carpentras,Carpentras,5.0480555555556,44.055,Q202560
Roma,Rome,12.482777777778,41.893055555556,Q220
Rio de Janeiro,Rio de Janeiro,-43.205555555555556,-22.91111111111111,Q8678
Ancona,Ancona,13.516666666667,43.616666666667,Q3415
Liegnitz,Legnica,16.1619,51.21006,Q106274
Poitiers,Poitiers,0.33527777777778,46.581111111111,Q6616
Stuttgart,Stuttgart,9.18,48.7775,Q1022
Washington,"Washington, D.C.",-77.036666666667,38.895,Q61
Rouen,Rouen,1.1025,49.443055555556,Q30974
Trier,Trier,6.63935,49.75565,Q3138
Berlin,Berlin,13.383333333333,52.516666666667,Q64
Mexico,Mexico City,-99.13589,19.353773,Q1489
Mons,Mons,3.9525,50.45472222222222,Q83407
Erlangen,Erlangen,11.005,49.5925,Q3126
Tours,Tours,0.68833333333333,47.392777777778,Q288
[Bruxelles],Brussels,4.351666666666667,50.846666666666664,Q239
Laon,Laon,3.6205555555555557,49.56444444444445,Q167141
A Ostende,Ostend,2.9194444444444443,51.225833333333334,Q12996
Rome,Rome,12.482777777778,41.893055555556,Q220
Rostock,Rostock,12.133333333333,54.083333333333,Q2861
Dresde,Dresden,13.7381437,51.0493286,Q1731
Trieste,Trieste,13.770277777777778,45.65027777777778,Q546
Torino,Turin,7.676111111111111,45.079166666666666,Q495
Malines,Mechelen,4.480277777777777,51.028055555555554,Q162022
Ludwigsburg,Ludwigsburg,9.1919444444444,48.8975,Q622
Yperen,Ypres,2.885,50.850833333333334,Q102728
Bologna,Bologna,11.342777777778,44.493888888889,Q1891
Reims,Reims,4.0286111111111,49.265277777778,Q41876
Arnhem,Arnhem,5.9166666666667,51.983333333333,Q1310
Paderborn,Paderborn,8.766666666666667,51.71666666666667,Q2971
Firenze,Florence,11.254166666667,43.771388888889,Q2044
's Gravenhage?,The Hague,4.31,52.08,Q36600
Braunschweig,Brunswick,10.521111111111,52.269166666667,Q2773
Mechliniae,Mechelen,4.480277777777777,51.028055555555554,Q162022
Edinburgh,Edinburgh,-3.1891666666666665,55.95333333333333,Q23436
Roulers,Roeselare,3.1233333333333,50.944722222222,Q211037
Mézières,Charleville-Mézières,4.7194444444444,49.76,Q47383
Charleroi,沙勒罗瓦,4.4441666666667,50.416666666667,Q81046
Pamplona,Pamplona city,-1.64432,42.81276,Q24012386
Romae,Rome,12.482777777778,41.893055555556,Q220
Hamburg,Hamburg,10,53.55,Q1055
Clermont,Clermont-Ferrand,3.0869444444444,45.779722222222,Q42168
Clermont-Ferrand,Clermont-Ferrand,3.0869444444444,45.779722222222,Q42168
(Anvers,Antwerp,4.3997222222222225,51.221111111111114,Q12892
Boston,Boston,-71.05777777777777,42.360277777777775,Q100
Chartres,Chartres,1.4883333333333,48.446666666667,Q130272
Montpellier,Montpellier,3.8772305555556,43.610919444444,Q6441
Freiburg im Breisgau,Freiburg im Breisgau,7.85,47.995,Q2833
En Brucelas,Brussels,4.351666666666667,50.846666666666664,Q239
Huy,Huy,5.2333333333333,50.516666666667,Q207095
[Belgique],Belgique,,,
Grenoble,Grenoble,5.7263888888889,45.186944444444,Q1289
Budapest,Budapest,19.040833333333,47.498333333333,Q1781
Jena,Jena,11.586388888889,50.927222222222,Q3150
'Sgravenhage,The Hague,4.31,52.08,Q36600
Luik,Liège,5.570555555555556,50.639722222222225,Q3992
Lima,Lima,-77.0375,-12.06,Q2868
Arlon,Arlon,5.8166666666667,49.683611111111,Q675960
Batavia,Batavia,-88.3083,41.8489,Q576876
(Paris,Paris,2.352222222222222,48.85666666666667,Q90
Braine-le-Comte,Braine-le-Comte,4.136111111111111,50.609722222222224,Q95129
Digne,Digne-les-Bains,6.2355555555556,44.0925,Q181306
[Place of publication not identified],Unknown,,,
[Bruxelles?,Brussels,4.351666666666667,50.846666666666664,Q239
Gent,Ghent,3.725277777777778,51.05361111111111,Q1296
Dunkerque,Dunkirk,2.3763888888889,51.037777777778,Q45797
Bilbao,Bilbao City,-2.93341,43.26035,Q31913753
Ypres,Ypres,2.885,50.850833333333334,Q102728
Nancy,Nancy,6.1836111111111,48.692777777778,Q40898
Heidelberg,Heidelberg,8.71,49.412222222222,Q2966
Middelburg,Middelburg,3.6136111111111,51.499722222222,Q52101
Cassellis,Kassel,9.4979166666667,51.315777777778,Q2865
Tübingen,Tübingen,9.0555555555556,48.52,Q3806
Norrkoeping,Norrköping,16.149318388303,58.579331104671,Q25724
Hannoverae,Hanover,9.7386111111111,52.374444444444,Q1715
London,London,-0.1275,51.507222222222,Q84
[Plaats van productie niet geïdentificeerd],Unknown,,,
s' Gravenhage,The Hague,4.31,52.08,Q36600
Utrecth?,Utrecht,5.121666666666667,52.090833333333336,Q803
Deventer,Deventer,6.166666666666667,52.25,Q10001
Leipzig,Leipzig,12.3747329,51.3406321,Q2079
Liége,Liège,5.570555555555556,50.639722222222225,Q3992
Maldeghem,Maldegem,3.4464,51.2089,Q12896
Bâle,Basel,7.5905555555556,47.560555555556,Q78
Milan,Milan,9.19,45.466944444444,Q490
Liège,Liège,5.570555555555556,50.639722222222225,Q3992
"Herdruckt, tot Brussel",Brussels,4.351666666666667,50.846666666666664,Q239
[Charleroi],沙勒罗瓦,4.4441666666667,50.416666666667,Q81046
Doornik,Tournai,3.388055555555556,50.605555555555554,Q173219
Bruxelles,Brussels,4.351666666666667,50.846666666666664,Q239
Buenos Aires,Buenos Aires,-58.381944444444,-34.599722222222,Q1486
Londres,London,-0.1275,51.507222222222,Q84
Chalons,Châlons-en-Champagne,4.3644444444444,48.956666666667,Q47135
La Haye,The Hague,4.31,52.08,Q36600
Lundae,Lund,13.199164196669,55.708313018551,Q2167
Gand,Ghent,3.725277777777778,51.05361111111111,Q1296
Soest,Soest,8.1091666666667,51.571111111111,Q6149
[Brussel?,Brussels,4.351666666666667,50.846666666666664,Q239
Frankfurt a. M.,Frankfurt,8.682222222222222,50.11055555555556,Q1794
Rennes,Rennes,-1.6808333333333,48.114166666667,Q647
Lisbonne,Lisbon,-9.139016,38.708042,Q597
Darmstadt,Darmstadt,8.65,49.866666666667,Q2973
[Brussel],Brussels,4.351666666666667,50.846666666666664,Q239
Dresden,Dresden,13.7381437,51.0493286,Q1731
Wolfenbüttel,Wolfenbüttel,10.536944444444,52.162222222222,Q4122
Haarlem,Haarlem,4.6405555555556,52.380277777778,Q9920
Troyes,Troyes,4.0780555555556,48.298888888889,Q5489
[Paris],Paris,2.352222222222222,48.85666666666667,Q90
Corbeil,Corbeil,2.48263,48.61191,Q18281399
Angers,Angers,-0.55555555555556,47.472777777778,Q38380
Köln,Cologne,6.9577777777778,50.942222222222,Q365
Romans,Romans-sur-Isère,5.0508333333333,45.045555555556,Q239078
A Paris,Paris,2.352222222222222,48.85666666666667,Q90
Bordeaux,Bordeaux,-0.57944444444444,44.837777777778,Q1479
Bamberg,Bamberg,10.891666666667,49.891666666667,Q3936
Andenarde,Oudenaarde,3.6,50.85,Q12992
