book_id,title,year,country_code,country_name
12163581,Obst-und Trauben-Ausstellung Die Württembergische in Canstatt in Vérbindung mit dem landwirthschaftlichen Feste veranstaltet von der Königl Centralstelle für die Landwirtschaft 1852,1852,gw,Germany
11528967,Anneessens,1870,be,Belgium
12021785,The Austin-Topolovampo,1875,xx,Unknown
22169951,La Logica,1880,it,Italy
11677526,Économie politique et sociale,1865,be,Belgium
13672019,Les accidents du travail,1900,fr,France
11338323,Historisch-romantische tafercelen en dichterlyke schetsen uit de geschiedenis van Belgie,1862,be,Belgium
11484566,Premières leçons de géométrie à l'usage des écoles primaires,1876,be,Belgium
13249372,Mes souvenirs sur Napoléon,1893,fr,France
11835009,Calculateur général de la solde proprement dite et de la masse d'habillement,1880,be,Belgium
11705027,Les chemins de fer en Belgique,1882,be,Belgium
13431121,La Napoliade,1895,fr,France
12000506,Recherches sur les épopées romanesques des Troubadours,1833,fr,France
13621021,Histoire de la constitution de la ville de Louvain au moyen âge,1892,be,Belgium
12530677,Les traditions indo-asiatiques,1876,fr,France
22166460,Discours de réception de M.J-B Dumas,1876,fr,France
22431064,Napoléon III,1898,fr,France
22318851,Cours de droit civil professé à l'université de Liège,1893,be,Belgium
13032985,La France en 1850,1850,fr,France
11546837,"Etudes sur la vie et les mémoires de Philippe de Commines, Seigneur d'Argenton",1870,pl,Poland
12002043,Nouvelles recherches sur la fête des Innocents et la fête des Fous qui se faisaient dans les églises et notamment dans celle de Sens,1853,fr,France
12811648,Een reus,1900,be,Belgium
22279769,Une ascension aérostatique à Mons,1845,be,Belgium
22189337,Les puits artésiens de la Flandre,1884,be,Belgium
11488969,The adventures of my grandfather,1867,xxk,United Kingdom
13398939,Revue des patois gallo-romans,1887,sz,Switzerland
11453740,"The life, letters, and friendships of Richard Monckton Milnes, first Lord Houghton",1890,xxk,United Kingdom
11453740,"The life, letters, and friendships of Richard Monckton Milnes, first Lord Houghton",1890,fr,France
12174683,Robrecht van Eine of misdaad en liefde,1891,be,Belgium
11936293,Château de la Motte-au-Bois,1843,fr,France
11248030,Dépopulation et puériculture,1901,fr,France
13586687,Die Entstehung des socialen Problems,1898,gw,Germany
13600878,Documents historiques sur le comté et la ville de Dreux,1859,fr,France
12244336,Regio decreto contenente dispozioni per la istituzione delle scuole maschite di femminilli  nelle Provincie Venete,1867,it,Italy
11612112,Dictionnaire résumé des droit d'enregistrement,1880,be,Belgium
11765643,Pourquoi un plebiscite?,1871,sz,Switzerland
11817807,Vlaemsche Commissie,1859,be,Belgium
12550663,Les anomalies musculaires chez l'homme,1884,fr,France
11314964,Notice historique sur Zuydcoole,1855,fr,France
13448678,"L'arithmétique élémentaire, traitée simplement",1833,fr,France
11359276,Pensées et Opuscules,1900,fr,France
11898513,"Questions posées dans les concours de l'enseignement primaire et aux examens d'admission de diverses écoles normales, recueillies et mises en ordre",,be,Belgium
12044914,"Memorial of Nahum Capen, of Boston, Massachusetts, on the subject of International Copyright",1844,us,United States
12291506,Guide théorique et pratique pour la rédaction des déclarations de succession et la liquidation des droits,1893,be,Belgium
11571751,"De twee vondelingen, drama in vijf bedrijven",1878,be,Belgium
11596622,Du pouvoir Spirituel dans ses rapports avec l'état,1844,fr,France
11963866,Bollendorf et ses environs,,lu,Luxembourg
22366484,Valores Postales Argentinos,1898,ag,Argentina
12249033,Doctor Nobiling und seine Lehrmeister,1879,gw,Germany
11663948,Réponse d'un démocrate verviétois,1858,be,Belgium
12455258,Amante et mère,1839,fr,France
12462123,Les jeunes,1896,fr,France
11284879,Glacialerscheinungen in der geologischen Vergangenheit,1896,gw,Germany
11901998,Théroigne de Méricourt,1836,fr,France
13532901,Rapport présenté à la Commission organisatrice de la Fête civique offerte au Magistrat d'Ypres,1847,be,Belgium
12170782,Le parfum de Rome,1891,fr,France
12170782,Le parfum de Rome,1891,be,Belgium
13317549,Physiologie du Robert Macaire,1842,fr,France
11653950,Manifeste poétique à l'occasion de la paix,1856,be,Belgium
13028249,"Les distiques de Muret, imités en quatrains français",1834,fr,France
13451181,La question des cuirasses dans la défense des côtes,1884,be,Belgium
12445844,Nederlandsche spraakkunst voor de middelbare scholen en de hoogere klasse der lagere scholen,1895,be,Belgium
12738711,Georges Cadoudal et la Chouannerie,1887,fr,France
12934321,"Vision d'Hebal, Chef d'un Clan Écossais",1831,fr,France
11741719,"Souvenirs personnels (1824-1841) et correspondance diplomatique de Joseph Lebeau, publiés avec une préface historique",1883,be,Belgium
13526073,Beiträge zur Morphologie der Amaryllideen,1860,gw,Germany
12141073,L'etat de servitude ou la misere des domestiques,,fr,France
12362320,Les Quatres Coins,1852,fr,France
22070660,Die Deutscher Mystiker des vierzehnten und fünfzehnten Jahrhunderts,1855,gw,Germany
12546849,Lehrbuch der reinen und technischen Chemie,1853,gw,Germany
11582928,Der Westbau des Münsters zu Essen,1890,gw,Germany
12119326,Het eerste wetenschappelijk onderwijs,1890,be,Belgium
11976619,Grammaire Musicale ou Théorie des Principes de Musique,1838,sz,Switzerland
13508368,Historia dos tres grandes capitaes da Antiquidade,1894,be,Belgium
11811190,Organisation électorale et representation de tous les pays civilisés,1874,fr,France
22175409,"Mémoire pour Mr Antoine Rally, gentilhomme Anglais, domicilié a Liège contre Mr Jacques-Bernard-Joseph Bellefroid commissionnaire en fonds et effets",1832,be,Belgium
11554054,De l'abus des spiritueux,1878,be,Belgium
13250926,The text of Shakespeare Vindicated,1853,enk,United Kingdom
13457592,Victor Hugo après 1852,1894,fr,France
12753883,L'archéologie préhistorique,1880,fr,France
12019566,La Liberté Spirituelle et Traités Religieux,1866,fr,France
12156751,"Mémoire sur le Zelkoua, Planera Crenata",1831,fr,France
13533376,Verslag over de werk-zaamheden gedurende het bestuurjaar 1868-1869,1869,be,Belgium
13717119,"Versuch einer Entwicklung der Sprache, Abstammung, Geschichte, Mythologie und bürgerlichen Verhältnisse der Liwen, Lätten, Eesten (...)",1839,gw,Germany
12124632,"De fakkel van het ouden en alleen waer geloof, opgedragen aen den Hoogweirdigsten Heer Mijn Heer Govardus Gerardus Van Eersel, XVI, Bisschop van Gend, Graeve van Everghem ec. ec. ec",1774,xx,Unknown
12579754,Le Bresil à l'exposition internationale de St.-Pétersbourg 1884,1884,ru,Russia
11679170,"Projet de loi sur les conseils généraux et les conseils municipaux,",1865,fr,France
12225332,Histoire du matérialisme et critique de son importance a notre époque,1877,fr,France
12613533,Sur les Graveurs des Inscriptions Antiques,1859,fr,France
11706359,Recueil des lois et arrêtés sur les pensions civiles et ecclésiastiques et des arrêtés spéciaux concernant la caisse des pensions des veuves et orphelins des fonctionnaires et employés du Département de l'Intérieur,1883,be,Belgium
12973681,"Handboek der Landen Volkenkunde, Geschied-, Taal-, Aardrijksen Staatkunde van Nederlandsch Indie",1841,ne,Netherlands
12110752,Novum Testamentum Graece,1856,gw,Germany
12785901,Catalogo ragionato dei libri di prima Stampa,1875,it,Italy
18229749,Notre-Dame d'Anvers,1841,be,Belgium
12567490,Assemblées nationales et Princes,1867,ru,Russia
11780203,Dombey en zoon,1884,be,Belgium
11787277,"Statistique des Lettres et des Sciences en France, Institution et Etablissemens Littéraires et Scientifiques",1834,fr,France
11625432,Het zoontje,1880,be,Belgium
12856835,A propos de la nouvelle vie de Jésus,1865,fr,France
11282214,Ueber die Südslavische Guslaren-Epik,1894,gw,Germany
11620338,Précis historique des institutions judiciaires de la Belgique,1831,be,Belgium
22399230,De ware goudmijn,1897,be,Belgium
12154450,Matériel roulant des chemins de fer,1867,be,Belgium
22209024,L'Intermédiare,1875,xx,Unknown
11949012,Les expériences de tir de Bucharest,1886,be,Belgium
12144169,De l'importation du jury sur le continent,1885,be,Belgium
22118173,Die Welt als Wille und Vorstellung,1873,gw,Germany
13415064,Recueil des Traités et Conventions conclus par le Royaume des Pays-Bas avec les Puissances étrangères depuis 1813 jusqu'à nos Jours,1858,ne,Netherlands
13474819,Bestendige commissie voor de maetschappyen van ouderlingen bystand,1860,be,Belgium
13437733,De minderjarigheid in haer gansch tydvak voorgedragen,1855,be,Belgium
12492120,Sur l'orientation des sépultures franques,1895,be,Belgium
12153812,Description des locomotives Stephenson,1835,be,Belgium
12333664,"Histoire du Journal ""la Mode""",1861,fr,France
12698433,Encyklopaedie und Methodologie der Romanischen Philologie,1884,gw,Germany
11506686,Les armes à feu portatives se chargeant par la culasse,1867,fr,France
12087013,Classification de 160 Huiles et Graisses Végétales,1874,be,Belgium
12225237,La reine Alèna,1892,be,Belgium
11720225,"Catalogue d'une très belle et nombreuse collection de livres de Théologie, de Jurisprudence, de Sciences et Arts, (...)",1848,be,Belgium
12996760,"Droit romain des moyens de mettre fin à l'indivision d'une hérédité et des effets du partage, à Rome. Droit français du caractère et des effets du partage dans le droit français, ancien et moderne",1884,fr,France
12436839,Supplément contenant les lois du 11 avril et du 12 septembre 1895 relatives aux élections communales,1895,be,Belgium
13599034,"Biographie de Jacques Jonghelinck, sculpteur, graveur de sceaux et de medailles, etc.",1854,be,Belgium
12131791,Les amours profondes,1875,fr,France
11631782,Nuova Guida Ovvero Descrizione Storico-Artistico-Critica della Città e Contorni di Firenze,1842,it,Italy
13377992,Mémoires d'anthropologie,1871,fr,France
11586596,Rhein-und Ahr-Wanderungen,1846,gw,Germany
13306387,Untersuchungen über die Glaubwürdigkeit der altrömischen Geschichte,1858,gw,Germany
13308643,Etude littéraire sur le XIVème Siècle,1857,be,Belgium
12918565,Précis d'histoire contemporaine de Belgique,1889,be,Belgium
11756111,Geschichte der Niederfränkischen Geschafatssprache,1874,gw,Germany
13713107,La mère de Don Juan,,be,Belgium
12822354,Traité de la Science des Finances,1888,fr,France
11941261,Paris-Berlin,1870,be,Belgium
12506787,Res gestae divi Augusti,1883,gw,Germany
17581069,Les grandes armoiries du Duc Charles de Bourgogne,1877,be,Belgium
12060389,De la peine de mort,1868,fr,France
13471807,"A list of delegates to the Peace Congress held in Exeter Hall, London, on July 22nd, 23rd, and 24th, 1851",1851,enk,United Kingdom
12057087,Della collocazione dei libri nelle pubbliche biblioteche,1890,it,Italy
11417246,La belgique en dix-huis cent cinquante-deux,1852,fr,France
11844795,Conseil provincial du Hainaut. Session de 1843,1843,xx,Unknown
12511497,Les archives départementales du Nord pendant la Révolution,1873,fr,France
13558225,Flandrische Staats- und Rechtsgeschichte bis zum Jahr 1305,1835,gw,Germany
13706653,Über die Nibelungenhandschrift h und die Iweinhandschrift a,1899,gw,Germany
12243063,"Etudes Economiques, Politiques et Littéraires",1878,fr,France
11337874,Leven van Zuster Rosalia,1862,be,Belgium
22070468,Geogenische und geognostische Studien auf einer Reise durch Russland und den Ural,1862,gw,Germany
12592657,Mémoires de l'Académie Impériale de Médecine,1867,fr,France
11997678,"Carmen Saeculare Belgicum (1879-1887). Summo Pontifici Leoni XIII, occasione Suae Sanctitatis a sacro presbyteratu anniversarii quinquagesimi oblatum dedicatumque",1887,be,Belgium
22264032,Anvers & la nationalité Belge,0,xx,Unknown
11673033,De la suppression du péage de l'Escaut,1862,be,Belgium
13223670,Aanteekeningen betreffende eene reis door de Molukken,1856,ne,Netherlands
12576673,Ambroise Paré d'après de nouveaux Documents découverts aux Archives Nationales et des Papiers de Famille,1884,fr,France
13416832,Dictionnaire de procédure civile et commerciale,1850,fr,France
13459808,Lo studio generale a Mondovi (1560-1566),1895,it,Italy
12852240,Sermoenen op de Gedachtenis der geloovige zielen,1898,be,Belgium
11661571,Inventaire général analytique des archives de la ville et de l'église primaire de Saint-Nicolas (Waes),1872,be,Belgium
11719491,"Commentaire de la loi du 18 avril 1851 sur les faillites, banqueroutes et sursis",1851,be,Belgium
11668121,"De Aftocht van Moscou, of lotgevallen van een Belgisch soldaat in Rusland",1880,be,Belgium
12045242,Bulletin de l'Association littéraire internationale,1883,fr,France
11539582,Essai d'interprétation de l'action évacuante du tartre stibié,1878,be,Belgium
11917048,Méthode analytique & synthétique de lecture,1886,be,Belgium
12597487,Le parc de Bruxelles,1849,be,Belgium
12096853,Journal de la Société d'archéologie et du Comité du musée Lorrain,1840,fr,France
22469572,Leesboekje voor onze vlaamsche scholen,1889,be,Belgium
12265260,Élans du coeur,1855,be,Belgium
12672180,"Généalogie historique, anecdotique et critique de la maison Du Prat",1857,fr,France
11983077,De lone Chio,1890,fr,France
12015784,Le codex bruxellensis,1876,be,Belgium
11292419,Congrès général d'hygiène de Bruxelles,1852,be,Belgium
11773897,Le crime du 4 septembre,1871,be,Belgium
11697149,Épilepsie et autres maladies nerveuses,1878,be,Belgium
13536860,Une page d'histoire de l'ancien couvent des FF. Mineurs Capucins de Bruges,1867,be,Belgium
22266034,D. O. M.,1845,be,Belgium
13549607,Oeuvres et correspondance inédites de J. J. Rousseau,1861,fr,France
13712761,"Joyeuse entrée et inauguration de l'archiduc Charles à Anvers, en 1515",,be,Belgium
12910698,Constitution de l'espace céleste,1889,fr,France
13587933,Catalogue of works of industrie and art sent from Sweden,1862,enk,United Kingdom
11330688,Le bienheureux Jean Berchmans de la compagnie de Jésus,1866,be,Belgium
11330688,Le bienheureux Jean Berchmans de la compagnie de Jésus,1866,ne,Netherlands
11821325,Lethaea geognostica oder abbildung und beschreibung der für die gebirgs-formationen bezeichnendsten,1850,gw,Germany
12485658,Le droit international dans les rapports des slaves méridionaux au moyen âge,1896,be,Belgium
12485658,Le droit international dans les rapports des slaves méridionaux au moyen âge,1896,fr,France
12485658,Le droit international dans les rapports des slaves méridionaux au moyen âge,1896,ne,Netherlands
12988859,De la Lésion à l'Egard des Mineurs dans le Droit Romain et dans le Droit Français,1883,fr,France
12079295,Cours d'accouchements,1869,be,Belgium
13655350,"Alumni pontificii collegii Urbani de propaganda fide, anno 1859",1859,it,Italy
11852694,Rapport sur les progrès de la Chirurgie,1867,fr,France
13014045,Histoire de la Savoie et du Piémont,1883,fr,France
11811047,Arthur de Cantorbry et Jules Péronnet,1847,be,Belgium
12578124,Histoire du Roi de Rome (Duc de Reichstadt),1852,fr,France
13240703,Doctrine de la Nouvelle-Jérusalem sur l'Écriture Sainte,1855,fr,France
11494340,Exposition des académies et écoles des beaux-arts et congrès de l'enseignement des arts du dessin,1869,be,Belgium
12020348,Voltaire au Château de Cirey,1868,fr,France
13139690,Le Cardinal de Richelieu,1870,fr,France
11999468,Art poétique d'Horace,1846,fr,France
12090697,Simples lectures préparant à l'étude de la géographie,1889,be,Belgium
12133634,"Rome, ses monuments, ses souvenirs.",1890,fr,France
12133634,"Rome, ses monuments, ses souvenirs.",1890,be,Belgium
12517879,Poésies chrétiennes,1896,be,Belgium
13456166,Lehrbuch der Eisen-Emaillirkunst,1851,gw,Germany
11260850,Le prince des prosateurs,1899,be,Belgium
12549922,Die Schwestern,1883,gw,Germany
12014661,"Livres payés en vente publique 1000fr et au-dessus, Depuis 1866 jusqu'à ce jour aperçu sur la vente Perkins à Londres",1877,fr,France
22121160,Memorial addresses on the life and character of Michael Crawford Keer,1877,xxu,United States
11590034,Exercices d'arithmétique pour les écoles primaires,1879,be,Belgium
11630744,Twee novellen,1880,be,Belgium
14989134,"Lettre et rapport du Comité de l'Assemblée du Commerce de Bruxelles, a Messieurs du Magistrat, sur le projet de l'abolition des douanes dans les Pays-Bas autrichiens",1788,be,Belgium
13123241,Notice sur les travaux scientifiques de M. Oechsner de Coninck,1884,fr,France
11586432,Société libre d'Émulation de Liège.,1879,be,Belgium
11404232,Epitre à Monsieur Bouniol de Saint-Geniez,1852,fr,France
12021269,The New American Practical Navigator,1874,xxu,United States
12030823,"Analyse alphabétique des lois, ordonnances et règlements généraux de police en vigueur en Belgique",1898,be,Belgium
13356738,Faculté de Droit de Bordeaux,1894,fr,France
11357452,Evangile d'amour,1887,fr,France
13011627,An account of the Wild Tribes,1865,fr,France
13496940,La chasse a l'idéal,1867,fr,France
12489264,Volledige Cursus der fransche taal,,be,Belgium
12704852,1815,1898,fr,France
11536087,Au bagne,1877,be,Belgium
13449812,Traité complet de l'anatomie des animaux domestiques,1840,fr,France
12567417,Lettres écrites en Russie et en Sibérie,1863,sw,Sweden
11736212,Frederik van Heilo en zijn schriften,1866,ne,Netherlands
11457009,Guide to Spa,1875,be,Belgium
12764605,Sprachlehre um nach Ollendorff's Methode mittelst Selbstunterricht in der fürzeft möglichen Zeit (...),1850,gw,Germany
13654349,A roll of the graduates of the University of Glasgow from 31st December 1727 to 31st December 1897,1898,stk,United Kingdom
12740989,Traité de la génération des animaux,1887,fr,France
12612067,Collégiale de Sainte Pharaïlde à Gand,1852,be,Belgium
12245718,Notice sur deux monuments anciens,1848,xx,Unknown
13601423,Rembrandt Harmens Van Rijn,1863,ne,Netherlands
13213333,Registers op het archief,1856,ne,Netherlands
12336744,Certamen literario que para conmemorar el segundo centanario del fallecimiento del dramatico insigne D. Pedro Calderon de la Barca celebraron la Universidad de Barcelona y el instituto provincial de 2.a enseñanza el dia 25 de Mayo 1881,1881,sp,Spain
13257742,Ueber die Contagiosität der Eingeweidewürmer nach Versuchen und über das physiologische Leben der mikroskopischen Zellen nach empirischen thatsachen,1844,gw,Germany
11707170,Muséum des sciences naturelles de Lyon,1884,fr,France
11707170,Muséum des sciences naturelles de Lyon,1884,sz,Switzerland
13741360,Cazin,1876,fr,France
13107841,Lettres sur L'Adriatique et le Monténégro,1853,be,Belgium
13000354,Bibliothèque archéologique,1846,fr,France
12129740,La guerre privée dans le comté de Hainaut aux treizième et quatorzième siècles,1890,be,Belgium
12378483,"Ceremonies des gages de bataille, selon l'ordonnance de Philippe le Bel",1830,fr,France
13657181,On the historical antiquity of the people of Egypt,1863,xxk,United Kingdom
12059872,The debate on the motion for the second reading of the bill on Capital Punishment abolition,1869,xxk,United Kingdom
22221437,Le protectionnisme,1886,fr,France
12012012,Oeuvres complètes d'Horace,1858,fr,France
13701205,Le Marxisme et son critique Bernstein,1900,fr,France
12863968,Exercices de lecture élémentaire,1890,be,Belgium
12588188,Nana,1882,fr,France
13490755,Handlerifon zu den Quellen des römischen Rechts,1895,gw,Germany
11896972,Gedachten over opvoeding en onderwijs,1886,be,Belgium
11903636,Hulde aan Broeder Marès.,1886,be,Belgium
13684419,Contes et nouvelles de La Fontaine,1858,fr,France
12021738,Table of land grant railroads,1876,xxu,United States
11792123,Réclamation contre les décrèts sur l'exercice de la police extérieure des cultes présentée à l'Administration centrale du département des deux Nèthes par les curés d'Anvers,1796,be,Belgium
11299321,Poésies champêtres d'Horace,1865,fr,France
12463409,"Pensées de Blaise Pascal dans leur texte authentique et selon l'ordre voulu par l'auteur, précédées de documents sur sa vie et suivies de ses principaux opuscules",1896,be,Belgium
12463409,"Pensées de Blaise Pascal dans leur texte authentique et selon l'ordre voulu par l'auteur, précédées de documents sur sa vie et suivies de ses principaux opuscules",1896,fr,France
13410515,Histoire des corps de troupe,1887,fr,France
11428290,Rapport sur une communication de documents,1864,fr,France
11306007,Oeuvres de Vergniaud - Guadet - Gensonné,1866,fr,France
11664535,Cartulaire de Saint-Vallier,1870,fr,France
13010298,Das Theseion und der Tempel des Ares in Athen,1852,gw,Germany
13081040,"Das ehemalige Spitalzum h. Jacob, nachher klarissen Kloster",1836,gw,Germany
13683374,Températures critiques de dissolution,1895,be,Belgium
13425348,De Tulpenhandel,1846,ne,Netherlands
13703077,Handbuch der deutschen Mythologie mit Einschluss der nordischen,1864,gw,Germany
11629007,"Analyse et Extraits de Quelques Pièces des Meilleurs Auteurs Dramatiques Français, suivis d'Esther et d'Athalie",1839,be,Belgium
11938154,Oeuvres poétiques de Jules Breton (1867-1886),1887,fr,France
12773432,Der Attische Process,1883,gw,Germany
13053049,Systematische beschrijving der dieren,1851,ne,Netherlands
11333028,Introduction à la chimie inorganique,1863,be,Belgium
13492907,Dictionnaire grec-français,1895,fr,France
11685345,Note sur quelques théorèmes généraux de géométrie supérieure,1869,be,Belgium
13585152,Les grands Guignols,1872,fr,France
13444966,Richard von St Victor und Joannes Ruysbroek,1838,gw,Germany
13578583,Geologische Beschrijving van Java en Madoera,1896,ne,Netherlands
13100807,Breviarium romanum,1892,be,Belgium
11651270,L'Australasie,1881,be,Belgium
13303922,Beknopte natuurgeschiedenis (dier- en plantenkunde),1894,be,Belgium
12976669,Katalog des Königl rheinischen Museums vaterländischer Alterthümer,1851,gw,Germany
13247643,A short history of the Norman Conquest of England,1887,enk,United Kingdom
11690823,Les catholiques aiment-ils la constitution?,1874,be,Belgium
12040450,Titian,1877,enk,United Kingdom
12764226,La question scolaire,1899,be,Belgium
12507840,Beitrag zu einer wissenschaftlichen Grundlage für etymologische Untersuchungen auf dem Gebiete der französischen Sprache,1883,gw,Germany
12667259,Moedertaal,1898,be,Belgium
12636650,Oras completas,1881,cl,Chile
13122346,Triton und Euphemos oder die Argonauten in Lybien,1849,ru,Russia
12091637,La grande Catherine,1890,be,Belgium
12088160,Pierre Gringore et les Comédiens Italiens,1878,fr,France
11994276,Andrée,1875,fr,France
22292621,Rapport du major Liagre sur deux mémoires envoyés au concours de 1860,1860,be,Belgium
11828894,Florule mycologique des environs de Bruxelles,1884,be,Belgium
12226629,"Lectures choisies. La Belgique pittoresque, monumentale et littéraire",1892,be,Belgium
12303599,Réponse à l'examen critique de M. Stanislas Julien,1842,fr,France
13298512,Guide médical des Antilles et des régions intertropicales,1840,fr,France
13060391,Bibliographie des éditions originales d'auteurs français,1882,fr,France
12859097,Les agrandissements d'Anvers en 1549,1881,be,Belgium
13610804,Recherches historiques sur la kermesse de Mons,1848,be,Belgium
12311723,Ungarn's Fall,1851,gw,Germany
15551544,"Représentation faite aux Etats de Brabant, par les députés du corps des armateurs de la pêche nationale à Ostende. Du 2 juillet 1787",1787,be,Belgium
11269355,Histoire de la littérature grecque jusqu'à Alexandre-le-Grand,1865,fr,France
11799468,Le faux miracle du Saint Sacrement à Bruxelles,1874,be,Belgium
13263380,Dinamo-magnetometro,1837,it,Italy
12894350,De l'architecture contemporaine,1846,fr,France
12526269,Adolphe,1882,fr,France
13383840,Geschichte Spaniens von den frühesten zeiten bis auf die Gegenwaart,1895,gw,Germany
11565633,Leçons de Choses en Français et en Néerlandais / Aanschouwelijke Lessen in het Fransch en in het Nederlandsch,1878,be,Belgium
13450569,Oeuvres posthumes,1872,be,Belgium
12024234,Geschiedenis van de Gelukzalige Margaretha-Maria en den Oorsprong der Devotie tot Jesus' Hart,1888,be,Belgium
12680988,Syntaxe latine abrégée,1898,be,Belgium
15097212,"Discours Adressé à Messeigneurs les Etats du Brabant, en leur Assemblée. Le 17 juillet 1787",1787,be,Belgium
13392001,Bibliotheca Lindesiana,1886,xxk,United Kingdom
13025659,Vita di S. Luigi Gonzaga della Compagnia di Gesu,1891,it,Italy
12743788,Traité de chimie pharmaceutique,1899,be,Belgium
13277861,Pequeneces,1891,sp,Spain
12118295,Direction pour rassurer dans leurs doutes les âmes vouées à la piété,1890,be,Belgium
11716717,Discours du genre délibératif,1883,be,Belgium
12035742,Anathème à la Guerre!,1889,be,Belgium
12281486,Catalogo da Bibliotheca Municipal,1878,be,Belgium
12748520,La nationalité des Ubiens,1899,be,Belgium
11827004,Lettres sur la religion,1869,fr,France
13033181,Socialisme égalitaire,1849,fr,France
11330764,Recueil de Jurisprudence Notariale,1865,be,Belgium
11307649,El génesis de nuestra raza. El catolicismo y la democracia. Los comuneros del Paraguay,1899,ag,Argentina
12483445,"Petit cours d'histoire de Belgique, rédigé conformément au programme des écoles primaires et des sections préparatoires des écoles moyennes",1895,be,Belgium
12726469,History of the regency and reign King George the fourth,1830,enk,United Kingdom
11884002,La Caverna ossifera di Frasassi,1872,it,Italy
11670422,Mémoires d'un bourgeois de Paris,1856,fr,France
13122198,Deuxième notice sur les travaux scientifiques de M. Camille Dareste,1879,fr,France
11716994,Étude sur les divers systèmes de serres,1891,be,Belgium
13367103,La photographie appliquée à l'archéologie,1879,fr,France
11673380,Procès en diffamation,1863,be,Belgium
13613519,Mémoire sur l'organisation de l'enseignement moyen,1853,be,Belgium
11705521,Commentarius in Acta Apostolorum,1837,be,Belgium
12257890,La Badia o trappa di Casamari nel suo doppio aspetto monumentale e storico brevemente descritta,1878,it,Italy
12381463,Hommage à la mémoire de la princesse de Liévin,1828,ru,Russia
13338602,"Till ähörande af de offentliga föredrag, hvarmed Professoren i ryska spräket och litteraturen",1868,fi,Finland
11676770,Die Papageien,1867,ne,Netherlands
13553998,Das herzogliche Kunstkabinet zu Gotha,1846,gw,Germany
12785113,Nécrologe et cartulaire des Dominicains de Grenoble,1870,fr,France
11335078,"Manuel du service sanitaire de l'armée, des prisons, des chemins de fer",1864,be,Belgium
12014613,De Bedelares van Saint-Eustache of de Wroeging,1888,be,Belgium
12994351,"Droit romain, de la preuve littérale. Droit français, de la force probante de l'acte notarié",1884,fr,France
12422803,België en de Kongo,1895,be,Belgium
12183096,La fin de la littérature classique allemande et la jeune Allemagne,1891,be,Belgium
12900596,Vie et aventures de John Davys,1840,be,Belgium
12070849,Contribution à l'étude profane de la Bible,1889,fr,France
12144268,Cours complet d'économie domestique et d'alimentation,1890,be,Belgium
12511674,Leçons de trigonométrie sphérique,1844,be,Belgium
11263218,Étude d'histoire sociale. La Noblesse française sous Richelieu,1901,fr,France
12144122,Du jury,1828,be,Belgium
12802149,Leçons d'Arithmétique élémentaire,1900,be,Belgium
13289123,"Des crises commerciales et de leur retour periodique en France, en Angleterre et aux Etats-Unis",1862,fr,France
12023321,"Preliminary report upon invertebrate fossils collected by the expeditions 1871, 1872, and 1873",1874,xxu,United States
11491384,De Arme Schoolmeester. Oranje in de Kempen.,1876,be,Belgium
11846790,Liste des membres de l'association des ingénieurs sortis de l'école de Liège,1850,be,Belgium
11645216,Lexicon,1871,gw,Germany
13448864,"Programme détaillé du cours complet de mathématiques élémentaires,",1832,fr,France
12965311,Liste générale et alphabétique des villes et communes de la Belgique,1837,be,Belgium
12254565,De laatste werken door het Davidsfonds uitgegeven,1892,be,Belgium
11612200,Compagnie générale pour l'éclairage et le chauffage par le gaz,1868,be,Belgium
22193759,Aardrijksundige beschrijving van Midden-Sumatra,1882,ne,Netherlands
13472939,"Glossaire roman des Chroniques rimées de Godefroid de Bouillon, du Chevalier au Cygne et de Gilles de Chin",1859,be,Belgium
15102782,"Adres voor-te-draegen aen de doorluchtige vergaedering der Staeten van Braband, door menigvuldige borgers en land-genooten van allen slach en rang",1790,be,Belgium
13455308,Bestimmungen über Handel and Schifffahrt der Vereinigten Staaten von Nord Amerika,1855,au,Austria
11520593,Abdication de Charles-Quint,1841,be,Belgium
12056542,Nouveau dictionnaire de poche flamand-français et français-flamand,1852,be,Belgium
17204157,Congrès international de thalassothérapie,1896,be,Belgium
12461056,Mac-Mahon et Canrobert,1896,be,Belgium
12160563,État de la question des eaux d'égout en France et à l'étranger,1877,fr,France
12136271,Il fanciullo alla Cresima,1890,it,Italy
11763311,Les véritables causes de la guerre,1871,be,Belgium
11834824,Critiques militaires,1871,fr,France
12285884,Les Druides,1844,fr,France
12344937,"Zal er een kwaad in de Stad zijn, dat de Heer niet doet?",1832,ne,Netherlands
12384864,Le livre des visions et instructions de la Bienheureuse Angèle de Foligno,1895,be,Belgium
11703392,"Courage, St-Père, courage!",1881,be,Belgium
12205107,Notice historique sur la vie et les travaux de Victor Cousin,1869,fr,France
12558486,De heilige Rosa van Viterbië,1897,be,Belgium
11275038,La celebre contesa fra S.Stefano e S. Cipriano,1862,it,Italy
12846755,L'Art Chrétien et l'Ecole Allemande,1856,fr,France
15099949,"Aen Myne zeer Eerweêrde Heeren die Raedslieden, Litmaeten van den Souvereynen Raede Van Brabant, actuelyk binnen de Stad Antwerpen residerende",1788,be,Belgium
12877580,Traité de change,1843,be,Belgium
12733487,"Deflection of the permanent way under running trains from observations carried out in 1897, on the Warsaw-Vienna railway",1898,be,Belgium
11451032,L'ombre de la marquise de Créquy,1835,fr,France
22262150,L'apocalypse et Rome papale,1877,fr,France
12735452,"Drabos en Peer Startens de ontwikkeling des kwaads, de drank, de invloed der vrouw",1899,be,Belgium
17204494,"Compte-rendu du Congrès international colonial, sous le haut patronage de S. M. le Roi des Belges",1897,be,Belgium
12650922,Deventer's oudste Stadrecht (1448),1866,ne,Netherlands
12276371,Notice sur la grande carte topographique de la France dite carte de l'état-major,1853,fr,France
13470444,Simples esquisses de la guerre,,xxk,United Kingdom
12882267,"Recueil de spots, expressions, termes, axiomes, dictons et proverbes wallons en dialecte de Stavelot",1901,be,Belgium
12991521,"Du droit de préférence entre créanciers hypothécaires, en droit romain et en droit français",1880,fr,France
12738805,Philosophie ésotérique de l'Inde,1899,be,Belgium
12247257,Thirteenth annual report of Edinburgh original ragged industrial schools (...) for the year ending 30th November 1859,1860,stk,United Kingdom
11785331,"Histoire de Jeanne d'Albret, Reine de Navarre",1823,fr,France
12808903,Histoire du prince royal duc d'Orléans,1842,fr,France
13553957,Das Grüne Gewölbe in Dresden,1839,gw,Germany
13065895,Dissertatio de latine scriptis quae graeci veteres in linguam suam transtulerunt,1852,gw,Germany
12591087,De sacramentis in specie,1897,be,Belgium
11948317,Bemerkungen über ein Paar Schlesische Säughthierarten (...),1826,xx,Unknown
13675903,Traité de droit commercial maritime,1878,fr,France
11265805,Les fastes de Versailles,1844,fr,France
13201798,Etablissements de produits chimiques,1855,be,Belgium
11298463,Inventaire analytique des archives anciennes de la mairie d'Angers,1861,fr,France
13482544,"Oeuvres oratoires de Challemel-Lacour, de l'académie française",1897,fr,France
11815894,Voyages dans l'Amérique septentrionale,1874,fr,France
11561385,"Histoire du moyen-âge, à l'usage des athénées royaux et des collèges",1878,be,Belgium
11663545,Contre-mandement de carême,1858,be,Belgium
11294429,Die Durchquerungen Afrikas,1884,gw,Germany
12421570,Exercices de calcul différentiel,1894,be,Belgium
13330434,Secret politique de Napoléon,1853,fr,France
22284412,Droit romain ; Origine de l'Action en garantie d'éviction,1889,fr,France
12104036,"Verslag van het bestuur der afdeeling 's Gravenhage van de vereeniging Nederlandsche Mettray, over 1854",1854,ne,Netherlands
12557948,Vingt Années de République Parlementaire au Dix-Septième Siècle,1884,fr,France
12351955,La Jeunesse et l'évangile,1868,fr,France
11320203,Histoire de la Littérature Italienne,1867,fr,France
11559528,"Léopold Ier et Léopold II,",1878,be,Belgium
13298538,Bibliographie de l'Orient Latin,1885,fr,France
22535080,La collezione litologica che con tanto amore e squisitezza di gusto va facendo da molti anni il Signor de Meester (...),,xx,Unknown
12349849,Aardrijkskunde der lagere scholen met geschiedkundige aanteekeningen voor België,1894,be,Belgium
11451427,Deutsches bürgerthum im mittelalter,1868,gw,Germany
13056281,"Le Duc et la Duchesse de Brabant, le 23 août 1853",1853,be,Belgium
12751346,La croix et l'autel dans tous les temps et dans l'éternité,1899,be,Belgium
11466698,Geschiedenis der stad en kastelnij van Veurne,1873,be,Belgium
11633611,Congrès de la paix universelle,1848,be,Belgium
11266800,Der Selige Petrus Canisius,1865,au,Austria
15459004,Einhardi annales,1845,gw,Germany
12239177,Les localisations cérébrales et le siége de la sensation dans la philosophie scolastique,1892,be,Belgium
12454692,Le Juif errant,1846,be,Belgium
12283343,Du redressement et de l'immobilisation dans le traitement des tumeurs blanches des membres,1880,fr,France
12627702,Les lois belges à la portée de tous,1898,be,Belgium
11967791,Chorée traitée au moyen de l'électricité,1862,be,Belgium
22181165,Le gentilhomme pauvre,1881,fr,France
12400940,Petri Caprano S. R. E. Cardinalis Laudatio funebris,1836,it,Italy
13703599,Le Conflit Finlandais envisagé au point de vue juridique,1900,fr,France
12227668,Aperçus sur quelques détails de la guerre,1860,fr,France
12072621,Voix d'un Polonais israélite en faveur de l'indépendance de la Pologne,1863,be,Belgium
12990221,De l'Acquisition des Fruits en Droit Romain et en Droit Français,1881,fr,France
12829332,Mary Queen of Scots and Her Marriage with Bothwell,1883,enk,United Kingdom
11396037,L'Eglise Essénienne au Clergé Romain,1884,be,Belgium
11273289,Ueber die neuesten Entdeckungen in Afrika,1869,gw,Germany
11560681,Généalogie de la famille Courcol dite de Bailliencourt,1878,be,Belgium
12338360,La circulation du sang,1881,fr,France
13054437,"Histoire de la gilde souveraine des couleuvriniers, arquebusiers et canonniers, dite chef-confrérie de Saint Antoine, à Gand",1866,be,Belgium
11703964,"Mémoire justificatif pour MM. Prosper Thuysbaert, Edouard Louvau, François De Poorter, Charles Louis Van Damme, Edouard Vanden Abbeele et Alphonse Vanden Abbeele, tous à Lokeren",1882,be,Belgium
13704834,Traité de géologie,1900,fr,France
11697764,La vie arabe et la société musulmane,1869,fr,France
12296218,Étude sur l'état des rapports des domestiques et des maîtres et sur les moyens d'améliorer ces rapports,1844,fr,France
13003804,"Notice sommaire sur les assolemens adoptés par M. Morel de Vindé, Pair de France, Dans son Exploitation à la Celle-Saint-Cloud, près Versailles",1816,fr,France
11590012,"Sailing directory for the island of Newfoundland, comprising a general description of its bays, habours, anchoring places, etc., etc.",1876,enk,United Kingdom
11720268,Wiertz,1883,be,Belgium
12058098,De la Trinité antique et du droit de vie et de mort,1827,be,Belgium
12632936,"Life of Beato Angelico da Fiesole, of the Order of Friar-Preachers",1865,enk,United Kingdom
12550887,Die Naturgeschichte des Volkes als Grundlage einer deutschen Social-Politik,1866,gw,Germany
13696584,La botanica y los botanicos de la Peninsula hispano-Lusitana,1858,sp,Spain
11330298,"Liederen, balladen en sonnetten",1891,be,Belgium
11611745,Le curé politique,1880,be,Belgium
13717323,Magyarische Grammatik,1858,gw,Germany
11644831,De maetschappy voor tael en kunst,1854,be,Belgium
11346573,La Grande industrie du Royaume de Hongrie,1901,hu,Hungary
15101604,"De Bruxelles, le 12 février 1789. L'Empereur ayant été informé que son Conseil de Brabant, sur la réquisition des Etats de cette Province, avoit rendu, pendant le courant des mois de mai & de juin 1787, plusieurs décrets aussi attentatoires à la Souveraineté de S.M. que contraire aux regles inviolables ...",1789,be,Belgium
12023839,"Laws, by-laws and rules and regulations of the reform-school of the district of Columbia",1873,xxu,United States
12803306,Les craies grises phosphatées dans la métallurgie de l'acier Thomas et Gilchrist,1900,be,Belgium
11952551,Considérations sur la Monnaie de l'Epoque Romane et Description de quelques Triens Mérovingiens,1851,fr,France
11268495,Quelques observations sur l'administration de la vapeur du chloroforme dans la pratique des accouchemens,1864,be,Belgium
12836886,Ragionamento,1845,it,Italy
12564913,Traité des maladies de l'utérus et de ses annexes,1866,fr,France
12683251,Beknopt etymologisch woordenboek der nederlandsche taal,1898,be,Belgium
12365825,Storia documentata di Carlo V,1894,it,Italy
11937871,Liber memorialis,1854,gw,Germany
11604067,"Kurzer Unterricht zur Erziehung der Obstbàume, Küchen-Handels-und Arzneigewächse, besonders in Industrie-Gärten",1836,gw,Germany
11764270,Verborgen lijden,1884,be,Belgium
12265369,Notes sur quelques sources manuscrites de l'histoire belge à Rome,1892,be,Belgium
12104394,"De La part que la société des Sciences du Hainaut à prise à l'érection de la statue d'Orlande de Lassus, célèbre compositeur montois",1854,fr,France
12293803,"Bombe lumineuse, ou abolition de la contrainte par corps",1830,fr,France
12788919,Variétés orientales,1872,fr,France
12258111,Sur les chemins de l'Europe,1893,fr,France
12812277,Exposition Meissonier,1884,fr,France
12894945,Guide de la jeune ouvrière,1901,fr,France
11666962,Eléments de géométrie par A.-M. Legendre.,1881,be,Belgium
22069960,Correspondance du duc de Mayenne,1860,fr,France
22358131,Au ministère de l'instruction publique 1887,1888,fr,France
13671584,"Mathematik, Zeichnenkunst Physik und Chemie in ihrer Anwendung und Beziehung auf die praktische Gärtnerei",1839,gw,Germany
13300919,Ernest Maltravers,1842,gw,Germany
11996353,Les catacombes romaines,1868,be,Belgium
13117265,Ueber die Lehrmethode Schleiermacher's,1834,gw,Germany
12922900,Description de plusieurs fiertons ou poids monétaires de quelques anciennes monnaies d'or françaises,1858,fr,France
12492717,Tableaux synoptiques pour faciliter l'étude de la syntaxe latine de J. Gantrelle,1896,be,Belgium
13611649,Distribution solennelle des prix aux élèves de l'Athénée le 17 août 1845,1845,be,Belgium
13351223,Essais (et nouveaux Essais) de Psychologie contemporaine,1883,fr,France
11425201,Etat du Poitou sous Louis XIV,1865,fr,France
11740099,Lessen over natuurwetenschap,1883,be,Belgium
12280355,Théorie mécanique de la chaleur,1893,be,Belgium
13309704,The schoolmaster,1836,enk,United Kingdom
12499091,Curiosités de l'économie politique,1861,fr,France
12239451,Nouveau système de défense de la Hollande,1874,fr,France
12053858,Vie illustrée de Garcia Moreno,1898,fr,France
12112001,Alcuno contradizioni della Bibbia,1874,it,Italy
13464659,Extrait du dictionnaire biographiques des hommes du nord,,fr,France
13227343,El Derecho de la Guerra conforme à la moral,1877,sp,Spain
11812790,Exposition universelle de 1889,1889,fr,France
11506792,Problème de la certitude,1845,fr,France
12606472,Catalogue des tableaux,1877,be,Belgium
11788277,Les ophidiennes (scènes de la vie moderne),1884,be,Belgium
12365339,"Beknopte uitlegging der Staatswetten, grondwet, provincie- en gemeentewet",1895,be,Belgium
11317855,Iconographia mariana,1852,gw,Germany
13717014,Versuch einer Koibalischen und Karagassischen Sprachlehre nebst Wörtervetzeichnissen aus den tatarischen Mundarten des Minussinschen Kreises,1857,gw,Germany
13584893,Les sept merveilles du Cambrésis,1836,fr,France
12203112,Arithmétique pratique à l'usage des écoles primaires et moyennes,1891,be,Belgium
13231200,Das Preussische Staatsrecht,1888,gw,Germany
11279101,Klimaunterschiede gleicher Breiten,1892,gw,Germany
13506067,Dogma socialista de la Associacion Mayo,1846,uy,Uruguay
13062997,Mittheilungen aus dem Gebiete der Numismatik und Archaeologie / Notizie peregrine di numismatica e d'archeologia,1851,it,Italy
22175410,Essai sur l'histoire littéraire du moyen âge,1833,fr,France
11267129,Voyage en terre sainte,1865,fr,France
12621355,Tooneelstukken,1897,be,Belgium
12742290,De practische taalmeester,1899,be,Belgium
13278659,Kleine Schriften zur Alten Geschichte,1893,gw,Germany
13600018,Traité élémentaire de physiologie humaine,1862,fr,France
12818721,L'étude des applications est le meilleur adjuvant du progrès scientifique en géologie,1900,be,Belgium
22431079,L'inauguration de l'Empire Libéral. Le Roi Guillaume,1900,fr,France
11855462,"Eustaquio, episodio de los primeros tiempos del cristianismo, seguido de algunos cuentos escogedos",1886,be,Belgium
11855462,"Eustaquio, episodio de los primeros tiempos del cristianismo, seguido de algunos cuentos escogedos",1886,fr,France
11855462,"Eustaquio, episodio de los primeros tiempos del cristianismo, seguido de algunos cuentos escogedos",1886,mx,Mexico
13617662,"San Girolamo, il dottore massimo, dimostrato evidentemente di patria istriano",1829,it,Italy
22097645,Eight report of the science and art department of the committee of council on education,1861,enk,United Kingdom
12715640,Sur les distances moyennes à la côte dans les océans,1898,be,Belgium
12856440,La quinte-essence sociale,1899,be,Belgium
12656353,Juarez et César Cantu,1885,mx,Mexico
11915638,Memoria geo-zoologica sugli Echinidi fossili del contado di Nizza,1843,it,Italy
11317498,Recherches historiques sur la ville et les anciennes baronnies de Tonneins,1833,fr,France
13477972,Narrative of an expedition to explore the river Zaire,1818,enk,United Kingdom
12643417,Lezioni di statistica teorico-pratica,1863,it,Italy
12649927,Shakespeare and his times,1838,fr,France
13624618,A toutes les gloires de l'ancien pays de Liége,1842,be,Belgium
13387842,Leçons nouvelles de Cosmographie,1866,fr,France
11819890,Modellen en opgaven van brieven,1885,be,Belgium
11709058,"De Helle, een punt van ons geloof",1883,be,Belgium
11614986,L'ingénieur-conseil a l'Exposition de Paris 1878,1880,be,Belgium
11614986,L'ingénieur-conseil a l'Exposition de Paris 1878,1880,fr,France
11643811,Réflexions morales ou maximes à suivre pour être heureux,1840,be,Belgium
12244736,Convenzione in data 15 decembre 1877 per il transporto sul mare e per l'imbarca e lo sbarco dei militari ed impiegati dipendente Dai ministeri della guerra marina (...),1878,it,Italy
12094560,Recherches sur la bibliothèque du Grand Condé,1860,fr,France
12132265,La Pragmatique sanction de Saint-Louis,1890,be,Belgium
13026140,La Migration des Symboles,1891,fr,France
13303134,L'italie d'hier,1894,fr,France
11460952,Lives of british statesmen,1838,enk,United Kingdom
11826744,"Eer en deugd, of de rechtveerdige straf",1885,be,Belgium
12318712,La princesse Marie-Immaculée de Bourbon,1894,fr,France
11441066,Balistique,1875,be,Belgium
11434602,Guide officiel de la correspondance télégraphique,1867,be,Belgium
11390557,"Vie et mort édifiantes de Monseigneur Auguste-Denis Affre, archevêque de Paris",1848,be,Belgium
11287982,Les noms propres assyriens,1861,fr,France
12387377,Théorie des sciences,1882,fr,France
22335868,Theologia moralis generalis,1900,be,Belgium
22222722,Allgemeine Zustände des deutschen Volkes,1883,gw,Germany
12274354,Contes et souvenirs,1893,be,Belgium
12864338,De la dérivation de la Meuse,1845,be,Belgium
12259308,"Lager landbouwonderwijs in tuin, hoeve en school",,be,Belgium
13688725,Contribution à l'étude de l'alimentation de l'Homme et des anthropomorphes,1894,be,Belgium
11995035,"Quomodo Edmundus Spenserus ad Chaucerum se fingens in eclogis ""The shepheardes Calender"" versum heroicum renovarit ac refecerit",1896,fr,France
22158188,La recherche du vrai bien,1849,fr,France
13660843,Le dernier amour de Ronsard,1882,fr,France
12250822,"Aide-mémoire. Trois cent trente cinq formules mnémotechniques, méthode simple et pratique pour retenir les principaux faits et les dates de l'histoire romaine",1890,be,Belgium
13366413,"Le procédé au gélatino-bromure, suivi d'une note de Edw Milsom sur les clichés portatifs, et de la traduction des notices de R Kennett et Rév H-G Palmer",1877,fr,France
13022899,La France pendant la Révolution,1891,fr,France
13732372,Géographie historique et administrative de la Gaule romaine,1876,fr,France
13315470,"Projet de Code Pénal pour l'empire du Japon, présenté au Sénat par le Ministre de la Justice le 8e mois de la 10e année de Meiji (Août 1877)",1879,ja,Japan
13277408,Le Guide diplomatique,1866,gw,Germany
13576247,Kritisch-erklärendes Handwörterbuch der deutschen Sprache,1838,gw,Germany
12953482,La religion défendue par ses ennemis,1890,be,Belgium
11587924,The first crossing of Spitsbergen,1897,enk,United Kingdom
12995500,"De l'existence universelle, de celle de l'Homme en société et de ses fins",1847,fr,France
11455723,Pindari Carmina,1850,gw,Germany
12931360,Gl'ingegneri militari che operarono o scrissero in Piemonte dall'anno MCC all'anno MDCL,1871,it,Italy
11274099,Ueber Wesen und Bedeutung der Homerfrage,1889,gw,Germany
12608292,Leben und Kunst des schwedischen Malers Peter Hörberg,1819,dk,Denmark
13602698,Notice sur Félix-M.-J.-M. Stappaerts,1889,be,Belgium
11790375,Essai sur la coqueluche,1828,fr,France
22233517,Geslacht van Borcharen,1897,be,Belgium
12380724,Les microbes,1882,fr,France
17476855,"Considération sur le projet de municipalité, par l'ex-bourg-mestre de Chestret, Baron de Hanneffe, colonel du régiment municipal. Liege en septembre 1790",1790,be,Belgium
15099272,Trois piéces remarquables adressées au public de la part des Etats de Brabant,1787,be,Belgium
12766129,Dictionnaire des Pseudonymes,1887,fr,France
13043449,"Simeon's letters to his kinsfolk and other great people written, chiefly from France & Belgium in the years 1832, 1833 & 1834",1834,enk,United Kingdom
12552057,Compétence respective du juge d'instruction et de la chambre du conseil,1897,be,Belgium
12124699,Les Solitudes,1869,fr,France
13113109,Beiträge zur Geschichte der Reformation und der Sitten jener Beit,1855,gw,Germany
12055527,Die politischen Parteien Griechenlands,1844,gw,Germany
12349545,Conférences sur l'histoire de l'Église et le développement du dogme aux huit premiers siècles,1894,be,Belgium
13649026,Batalhas da Companhia de Jesus na sua gloriosa provincia do Japâo,1894,po,Portugal
11777063,Chez les sauvages,1884,be,Belgium
13685393,Notice sur un cartulaire de l'abbaye de Saint-Ghislain,1862,fr,France
12384903,Par les chemins,1895,be,Belgium
13051038,Impressions de voyage,1887,fr,France
12521836,Reseña de los acontecimientos politicos y militares de la provincia de Guayaquil desde 1813 hasta 1824 inclusives,1863,pe,Peru
12444244,L'artiglieria da campo in Europa nel 1876,1876,it,Italy
12795055,Marioline,1899,be,Belgium
12573485,Lebenserinnerung und Briefwechsel,1861,gw,Germany
12692604,Traité pratique d'electricité,1882,fr,France
12661460,"Études sur les machines, d'après l'expérience et le raisonnement",1828,fr,France
12056843,Die römisch-rechtlichen Mittheilungen in des Tacitus Geschichtbüchern,1860,be,Belgium
11374094,The cabinet portrait Gallery,1890,xxk,United Kingdom
11374094,The cabinet portrait Gallery,1890,fr,France
11989289,De Franciadis epica fabula in posteriore XVImi saeculi parte praesertim apud Petrum Laudunium ab Aquileriis (Pierre Delaudun d'Aigaliers),1891,fr,France
12100943,Programma van het provinciaal Utrechtsche genootschap van kunsten en wetenschappen,1821,ne,Netherlands
11754516,Reisen nach dem Nordpalarmeer in den Jahren 1870 und 1871,1872,gw,Germany
13648732,"Estudos sobre alguns portos commerciaes da Europa, Asia, Africa e Oceania e sobre diversos serviços concernentes à engenheria civil",1885,po,Portugal
11286952,Das Gesetz im Zufall,1877,gw,Germany
11731905,Untersuchungen über Friesische Rechtsgeschichte,1880,gw,Germany
17026797,Heureux Fruits de l'éducation chrétienne,1890,fr,France
11606178,Dicht-en Prozastukjes,1880,be,Belgium
13132164,Causes & effets de l'accroissement successif des armées permanentes,1876,be,Belgium
12120418,Eucologio romano,1889,be,Belgium
11504614,Albert en Valentina,1876,be,Belgium
11320872,Le créancier hypothécaire,1865,be,Belgium
13532624,Règlement contre les incendies,1848,be,Belgium
13317862,"Obras de Don Manuel Breton de los Herreros, de la Real Academia Española",1851,sp,Spain
13707247,Die Reichspolitik des Erzbischofs Philipp von Köln (1167-1191),1899,gw,Germany
12211072,Simple coup d'oeil,1892,be,Belgium
12054631,Poésie,1857,be,Belgium
13426669,Précis pratique de la méthode d'enseignement,1823,be,Belgium
13498116,Meta Holdenis,1873,fr,France
13681452,Catalogue des anciennes porcelaines tendres de sèvres (...),1898,fr,France
11609478,"Manuel complet et pratique du cubage des bois,",1880,be,Belgium
12393048,Mémoire a Messieurs les Membres de la Commission nommée pour la révision de la partie du Code de Procédure qui concerne les Saisies-Immobilières,1851,be,Belgium
12521959,La République du Chili,1876,be,Belgium
12756734,Bij kinderen,1899,be,Belgium
12944200,Portraits du XVIIe siècle,1890,fr,France
11837033,Histoire du fer dans le pays de Namur,1873,be,Belgium
12398469,Osservazioni presentate all'assemblea della banca romana,1842,it,Italy
13656219,Traité d'algèbre élémentaire,1883,be,Belgium
12922933,Attribution de quelques médailles inédites au monnayage primitif des Arabes à Alexandrie,1859,fr,France
12132733,Grande question au XIXe siècle,1855,fr,France
12830674,Aperçu sur les institutions subsidiaires pour les ouvriers attachés aux établissements métallurgiques en Russie,1876,ru,Russia
11493695,Au Coin du feu,1876,be,Belgium
13696100,Das ethnographische Verhältniss der Kelten und Germanen nach den Ansichten der Alten und den sprachlichen überrestten,1857,gw,Germany
12227120,Storia del reame di Napoli dal 1734 sino al 1825,1848,it,Italy
12504828,Attila dans les Gaules en 451,1833,fr,France
11841367,"Société générale des agglomérés magnésiens, Brevetés s. g. d. g. en France et à l'étranger",1875,fr,France
11449003,Lieder Guillems IX,1848,gw,Germany
11436804,Sommaire du cours de notariat,1858,be,Belgium
13560173,Annales Ardennaises,1861,fr,France
12262514,"Cour d'appel de Gand. En cause de M. Hyacinthe Lhoneux-Detru, Banquier à Huy, Appelant d'un jugement du Tribunal de Commerce de Gand, du 29 Décembre 1855, contre MM. les curateurs a la faillite du sieur Zaman, ci-devant négociant-spéculateur, Intimés",1857,be,Belgium
11957020,Études morales et littéraires,1887,be,Belgium
12045646,Pour l'inventeur,1890,be,Belgium
12984328,Lettres du baron de Marchant sur la numismatique et l'histoire,1851,fr,France
12138337,"Extraits de l'article publié par Monsieur Édouard Laboulaye (aujourd'hui professeur de législation comparée au Collége de France) dans la Revue de Législation, t. 24, septembre et décembre, p. 289-370, sous ce titre : Quelques Réflexions sur l'Enseignement du Droit en France, etc",1839,fr,France
11767356,Servitudes militaires,1855,be,Belgium
12170331,"Le lapin domestique, nouveau moyen d'industrie appliqué à toutes les fortunes et à toutes les intelligences",1838,fr,France
13464625,Bulletin monumental publié sous les auspices de la société française d'archéologie pour la conservation des monuments historiques,1895,fr,France
12217172,Patria e biografia Del Grande Ammiraglio d. Cristoforo Colombo,1853,it,Italy
11811220,Recherches anatomiques sur les organes végétatifs de l'urtica dioica,1885,be,Belgium
13481292,Valentinelli Giuseppe degli studi sul Friuli,1856,xr,Czech Republic
13350367,Variétés littéraires,1889,fr,France
12126392,Roger en Raoul,1890,be,Belgium
11900402,Le gallerie e i Musei di Firenze,1875,it,Italy
12264611,Het rijk der hemelen,1890,be,Belgium
22111343,Drei Monate in der libyschen Wüste,1875,gw,Germany
12034997,Un magistrat français au commencement du XVIIIe siècle,1888,be,Belgium
11518224,"Code des voyageurs, hôteliers et aubergistes",1877,be,Belgium
11448868,Histoire des votes des représentants du peuple,1851,fr,France
12332549,"Curiosités historiques sur Louis XIII, Louis XIV, Louis XV, Mme de Maintenon, Mme de Pompadour, Mme du Barry, etc",1864,fr,France
12582186,Traité de l'expropriation pour cause d'utilité publique,1836,fr,France
13702261,Histoire et description de la Basse Cochinchine: pays de Gia-Dinh,1864,fr,France
13210012,Visites et études de S.A.I. le prince Napoléon au palais de l'industrie,1855,fr,France
22099729,Les saisons,1834,be,Belgium
12111076,Les origines de l'eglise de Tours,1869,fr,France
12364974,Guide de la jeune ménagère,1894,be,Belgium
13602008,Les tableaux de Rubens dans l'église de l'Oratoire à Rome,1882,be,Belgium
13514261,Obras poeticas de Diego Hurtado de Mendoza,1877,sp,Spain
12653326,Madame Surinet-Durand officier d'Académie,1898,fr,France
22239173,Conversations-Lexikon,1882,gw,Germany
12451844,Traité de thérapeutique physiologique,1895,ne,Netherlands
13134569,"Histoire de Soulavie (naturaliste, diplomate, historien)",1893,fr,France
13355409,"Histoire économique de la propriété, des salaires, des denrées et de tous les prix en général",1894,fr,France
12235763,"De la compensation en droit romain, du compte courant en droit français",1879,fr,France
12805836,Les salons de Paris et la Societé parisienne sous Napoléon III,1868,fr,France
11697487,La culture intensive de l'oeuf et son incubation,1878,fr,France
13498850,Lettres d'Auguste Comte fondateur de la religion universelle et premier grand-prêtre  de l'humanité a Henry Edger et a M. John Metcalf,1889,fr,France
12360425,La Franc-Maçonnerie moderne,1894,fr,France
12352873,De deugd voor alle staten,1894,be,Belgium
12877293,Organisation des cadres de l'armée sur le pied de paix d'après les arrêtés royaux en vigueur à la date du 1er novembre 1900,1900,be,Belgium
13648179,De l'administration de la ville de Londres,1863,be,Belgium
22250149,La jeunesse de l'Impératrice Joséphine,1891,fr,France
12754923,"Le travail, loi de la vie et de l'éducation",1900,be,Belgium
11957850,"Une dévotion chère à Marie, ou Le jardin aux roses de Notre-Dame",1887,be,Belgium
12260702,Archéologie religieuse,1869,be,Belgium
13288613,Le commerce extérieur et la politique de la France,1848,fr,France
11842610,Mijnheer Roosdonck gaat slapen,1885,be,Belgium
12738269,Celles qu'épouseront nos fils,1899,be,Belgium
13278581,"Le livre du diable, recueil de Satires et de Pamphlets sur les hommes et les choses de la Révolution Belge",1848,be,Belgium
12559570,Giunte e correzioni alla Lettera A della Bibliografia Siciliana,1881,it,Italy
11939495,Collezione degli articoli di economia politica e statistica civile,1839,it,Italy
12101977,Over de geuzen. Inneming van den Briel (1 April 1572),1872,be,Belgium
12527847,Réglementation des mines et carrières à l'étranger,1896,be,Belgium
11664391,Epernay et l'abbaye de Saint-Martin de cette ville,1869,fr,France
13698132,Essai sur la géographie de l'auvergne,1898,fr,France
13028209,De l'Avenir de la Littérature française,1837,fr,France
13221334,"A discriptive, explanatory, and critical, catalogue of fifty of the earliest pictures contained in the national Gallery of Great Britain",1834,enk,United Kingdom
11661612,Du droit de fondation,1857,be,Belgium
12454260,Charlemagne,1877,fr,France
11654399,Et après ? What next-and next ?,1856,be,Belgium
13434965,La famille et la jeunesse de J.-J. Rousseau,1896,fr,France
12841004,L'incendie de l'opéra,1896,be,Belgium
11717077,Caisse de retraite,1891,be,Belgium
13604492,Vondel et la Belgique,1887,be,Belgium
12055380,Satires et poésies diverses,1852,be,Belgium
12608659,"The origin, progress, and present condition of the fine arts in Great Britain and Ireland",1841,enk,United Kingdom
12457043,Théorie de la formation du globe,1867,fr,France
12040415,Manuel pour servir à la préparation de l'examen diplomatique,1869,be,Belgium
12586168,Etude historique sur la prophylaxie et le traitement du Choléra,1884,fr,France
12807640,Noël le Mire et son oeuvre,1875,fr,France
22418918,Verspreide en nagelaten poëzy,1886,ne,Netherlands
12238472,Résultats scientifiques et pratiques destinés à la construction des machines,1868,gw,Germany
22120643,Les institutions ouvrières de la Suisse,1867,sz,Switzerland
12021710,Regulations respecting the navigation of channels at mouth of the Mississipi river,1874,xx,Unknown
13649323,A viagem da India,1896,po,Portugal
12555624,Lecture et rédaction,1897,be,Belgium
22091068,"Oeuvres choisies, mémoire et correspondance de Bertin du Rocheret",1865,fr,France
13436304,Discussions du code Napoléon dans le conseil d'état (...),1808,fr,France
12614108,Enea Vico e l'antico museo estense delle medaglie,1873,it,Italy
11278860,Insektenschaden im Walde,1892,gw,Germany
22069439,Geschichte der familie Schenk von Nydeggen,1860,gw,Germany
13664296,Anthologie grecque,1863,fr,France
11700409,Vade Mecum du membre visiteur de la Société de Saint Vincent-de- Paul à Gand,1880,be,Belgium
12840898,Ark van Noë,1897,be,Belgium
12168641,"Mémoire sur l'amélioration des moutons, des boeufs et des chevaux",,be,Belgium
13116535,"Droit romain, De la negotiorum gestio
Droit français, Commentaire de la loi du 24 juillet 1889",1892,fr,France
12929945,Marie Stuart,1889,fr,France
13482931,Hymni Homerici,1860,gw,Germany
12664581,L'insuffisance financière,1863,be,Belgium
22174649,Jean-Paul Marat,1880,fr,France
12772400,"La pauvreté, sa mission dans l'Église & dans le monde",1899,be,Belgium
12772400,"La pauvreté, sa mission dans l'Église & dans le monde",1899,fr,France
12772400,"La pauvreté, sa mission dans l'Église & dans le monde",1899,gw,Germany
12099512,Iconographie chrétienne de Belgique,1850,be,Belgium
12397599,En faveur du Congo et contre sa reprise immédiate,1895,be,Belgium
12167526,Remy's Fischvermebung bis in 's Unendliche durch die künstliche Befruchtung des Rogens mittelst der Milchaus deb Französischen,1861,gw,Germany
11688120,De la majorité civile sous le régime des coutumes en pays de Hainaut,1872,be,Belgium
11716408,Die Arbeiterfrage unter dem Gesichtspunkte des Vereinrechtes,1873,gw,Germany
13254176,"The physiology of the foetus, liver and Spleen",1831,enk,United Kingdom
11424504,Grundzüge zum System der Philosophie,1833,gw,Germany
13372664,Histoire des sciences sous Napoléon Bonaparte,1889,fr,France
12721536,Practisch rekenboek voor de middelklas der lagere scholen (aangenomen door de bisschoppelijke school-commissie),1899,be,Belgium
11959386,Manuel du microscope dans ses applications au diagnostic et à la clinique,1873,fr,France
17160611,Cours d'apologétique chrétienne,1886,be,Belgium
12458887,Code de la législation forestière,1883,fr,France
12438570,Oefeningen op de nederlandsche spraakkunst,1895,be,Belgium
22288578,Note sur l'erreur probable d'un passage observé à la lunette méridienne de l'observatoire royal de Bruxelles,1853,be,Belgium
13711195,Napoléon et l'Empire,1900,fr,France
22049585,Art de parler et d'écrire ou traité de rhétorique générale,1833,fr,France
12716699,De l'efficacité des feuilles de Houx (Ilex aquifolium) dans le traitement des fièvres intermittentes,1831,fr,France
12997037,Droit romain. Mandatum pecuniae credendae. Droit français. Effets du cautionnement en droit civil,1888,fr,France
12060019,Analysis and review of the Blue Book of the royal commission on Capital punishment,1866,xxk,United Kingdom
12426647,"Recueil méthodique d'applications renfermant 2,700 problèmes d'arithmétique",1895,be,Belgium
11654251,Sulla convenienza ed utilità d'istituire nelle provincie venete una società contro il maltrattamento degli animali,1856,it,Italy
13592894,Nouveaux éléments de physiologie,1833,be,Belgium
11458675,L'ode Pitia I. di Pindaro,1885,it,Italy
11490274,"Korte verhandeling van God, de mensch en deszelfs welstand",1869,ne,Netherlands
13435384,Essais de philosophie et de littérature,1896,sz,Switzerland
12337450,Missale romanum,1879,fr,France
12582726,Manuel d'hygiène à l'usage des enfants et des gens du monde,1852,fr,France
13475369,Principles of Hindu and Mohammadan law,1860,enk,United Kingdom
12798559,La Vie,1877,fr,France
12663557,La Monnaie,1864,fr,France
12439258,Exposition Universelle de Vienne en 1873,1873,fr,France
11689390,Histoire de Cambrai et du Cambrèsis,1842,fr,France
12638220,Le peuple Siamois ou Thaï,1885,fr,France
11908570,Klein leesboek voor lagere scholen,1886,be,Belgium
11489462,"Die handschriftlichen gestaltungen der chanson de geste ""Fierabras"" und ihre vorstufen",1869,gw,Germany
12757785,Catalogue des indulgences du Saint Rosaire,1899,be,Belgium
11618572,Pasteur as the founder of stereo-chemistry,1897,stk,United Kingdom
12512186,Chants intimes,1896,be,Belgium
13365636,Méthodes chimiques pour la recherche des falsifications,1874,fr,France
13651604,Marchans de Naples,1838,fr,France
11579777,"Géographie militaire de l'Allemagne, de la Hollande, de la France et de la Belgique",1878,be,Belgium
13725989,Handbuch der Verwaltungslehre,1888,gw,Germany
22264513,Un mot sur les associations d'ouvriers,1860,be,Belgium
12674208,Les Oeuvres et les Hommes,1885,fr,France
12280007,Veeteelt. Het vlaamsch runderras,1893,be,Belgium
11695983,Question médico-légale de l'identité dans ses rapports avec les vices de conformation des organes sexuels,1872,fr,France
12829602,De la fièvre traumatique et de l'infection purulente,1873,fr,France
13675550,Bi-Metallism,1893,enk,United Kingdom
12467212,La strega ovvero degli Inganni de' Demoni,1864,it,Italy
12896107,Langues menacées,1901,be,Belgium
13629177,Le fonctionnaire,1854,be,Belgium
11404781,Neue Beiträge zur semitischen Sagenkunde,1893,ne,Netherlands
12975355,Peinture - sculpture,1868,fr,France
12574255,Le pas des armes de Scandricourt,1874,fr,France
12211605,Opuscula et carmina latina,1837,gw,Germany
11982055,De J-C Scaligeri poetica,1887,fr,France
13367644,"The river Congo, from its mouth to Bolobo, with a general description of the natural History and Anthropology of its Western Basin",1895,enk,United Kingdom
13011320,Das Römische Trier und die Umgegend,1852,gw,Germany
11267077,"Eléments de droit civil scandinave (Danemark, Norvège, Suède)",1901,fr,France
22170679,Transport,,fr,France
18161352,Modo de ofrecer el santo rosario,1888,be,Belgium
11673612,De la bibliographie générale au dix-neuvième siècle et plus particulièrement du manuel du libraire et de l'amateur de livres,1863,fr,France
12955385,Les rimes,1890,po,Portugal
13548586,Le calcul vectoriel et ses applications en géométrie et en mécanique,1897,fr,France
12944918,Un problème de mécanique égyptienne,1901,be,Belgium
12634261,Harry Calverley,1836,pau,United States
12128234,Nécessité d'une restauration du pouvoir temporel des papes,1890,be,Belgium
11763078,Maurice Ledroit,1883,be,Belgium
12125718,La confusion de la politique et de la religion au dix-neuvième siècle,1860,fr,France
22426311,Correspondances. Lettres à sa mère,1877,fr,France
11700369,Préparation à la première communion ou prières du chrétien,1880,be,Belgium
11687876,"Réponse à Mr. le Baron J. L. de Scherpenzeel-Heusch, sur les erreurs contenues dans sa brochure L'avenir de la Belgique",1872,be,Belgium
12962372,Appendice,1863,xx,Unknown
13706485,"Frederi Mistral, der Dichter der Provence",1899,gw,Germany
13140912,Annuaire de l'hydrothérapie,1892,fr,France
12166184,Code de la chasse,1847,be,Belgium
13042984,Eros,1838,be,Belgium
13227043,Extracto metódico de un curso completo de Derecho político y administrativo,1873,sp,Spain
12442192,Die Betheiligung des Groszherzogthums Baden an der Universalaustellung zu Paris im Jahre 1867,1867,gw,Germany
11318977,Fabrication des Etoffes,1866,fr,France
13224039,Saggio di vocabolario della gallia Cisalpina e Celtico,1856,it,Italy
13011162,De la consommation des vins de France en Angleterre,1843,fr,France
11383692,Oraison funèbre Louis XVIII,1824,fr,France
12105079,"De la Liberté, de la Méthode et de l'Esprit de Système dans l'Etude de la Nature",1869,be,Belgium
22178188,Gloria y gratitud al immortal autor del Primus Me Circumdedisti Juan Sebastian del Cano,1882,sp,Spain
13510451,Guía de la Villa y Archivo de Simancas,1885,sp,Spain
12546088,Handbuch der mechanischen Technologie,1857,gw,Germany
12459178,Lettres de Alexandre Vinet,1882,sz,Switzerland
13690201,Correspondance diplomatique de M. de Bismarck (1851-1859),1883,fr,France
11853528,"La question de la criminalité au Congrès de médecine mentale, à Anvers. Lecture faite à la Société d'anthropologie de Bruxelles, le 6 octobre 1885",1885,be,Belgium
12171344,Dissertatio inauguralis chemico-medica de Alcohole [...],1826,gw,Germany
13529221,Digt-Konst van Boileau-Despréaux (...),1810,be,Belgium
11569291,Nouvelle théorie de la formation des filons [...],1802,gw,Germany
15138176,[1734 06 23] Ordonnantie der Heeren wethouderen op het taxaet der drogen ende medicamenten raeckende de pharmacie van de apotekarissen der stadt Brussel,1734,be,Belgium
11540667,"Satires de D.J. Juvénal, traduites en vers français, avec le texte en regard, et accompagnées de notes explicatives",1825,fr,France
11974732,"Lettre du père Ventura, général de l'ordre des théatins, addressée aux rédacteurs de l'Avenir, et réponse de M. l'abbé de La Mennais à cette lettre",1831,fr,France
12518106,"L'esprit de l'histoire, ou, Lettres politiques et morales d'un père à son fils, sur la manière d'étudier l'Histoire en général, et particulièrement l'Histoire de France",1805,fr,France
15568683,Oratio in insigni basilicâ Bruxellensi S.S. Michaelis et Gudulae die V. novembris MDCCLXX. in festo Divi Caroli Borromaei habita ab Emmanuele. P.J. Rasquin .,1770,be,Belgium
11588617,Histoire des malheurs et de la captivité de Pie VII sous le règne de Napoléon Bonaparte,1814,fr,France
12728858,"Table-Talk, or, Original essays",1825,fr,France
13040461,Chrestomathie grecque par J. Bosscha (...) revue par P. J. A. Schmitz,1829,be,Belgium
13333107,Essai sur la constitution et le gouvernement du Portugal,1830,fr,France
11658726,"Diccionario manual bascongado y castellano, y elementos de Grammatica (...)",1827,fr,France
15430911,"L'Enfant gâté, ou Folette et Roger-Bontems, opera comique mêlé d'ariettes, par M. Vadé. Représenté pour la premiere fois sur le théatre de l'opera-comique le 6. septembre 1755, & depuis à Bruxelles par les comédiens français sous la protection de S.A.R",1756,be,Belgium
11937571,L'Art poétique d'Horace,1815,fr,France
11556419,"Opération césarienne, avec succès pour la mère et l'enfant, pratiquée à la maternité de Mons le 5 septembre 1877",1878,be,Belgium
11556674,Bladen over Japan,1852,ne,Netherlands
11520346,"Die Bösartigkeit der Carcinome, dargestelt als eine Folge ihrer örtlichen Destructivität",1877,gw,Germany
11918873,Essai sur la nourriture et les stations botaniques et géologiques des mollusques terrestres et fluviatiles considérées au point de vue géographique et statistique,1857,fr,France
13277969,Elogio di Michel Sammicheli architetto civile e militare [...],1814,it,Italy
11621481,Observations sur le pouvoir royal ou examen de quelques questions relatives aux droits de la couronne dans les Pays-Bas,1830,be,Belgium
13635129,"Du thé, ou nouveau traité de sa culture, sa récolte, sa préparation et ses usages",1820,fr,France
11910695,Remarques sur les caractères généraux des singes américains et Description d'un genre Nouveau (...),1828,fr,France
13136111,"Narrative of a journey in the interior of China, and of a voyage to and from that country, in the years 1816 and 1817 (...)",1819,enk,United Kingdom
17274664,De l'amblyopie alcoolique,1881,fr,France
17688383,Faits cliniques de chirurgie,1852,be,Belgium
13514958,Geschichten einiger der berühmtesten Burgen und Familien des Herzogthums Braunschweig,1844,gw,Germany
12755406,"Chartes du Hainaut de l'an 1200, en langue gauloise, françoise et latine [...]",1822,be,Belgium
13077036,"Le Conciliateur, ou l'homme aimable",1816,fr,France
13597360,Révélations puisées dans les cartons des comités de salut public ou Mémoires (inédits) de Senart,1824,fr,France
13253450,"Beiträge zur nähern Kenntnis des Gehirns in Hinsicht auf Physiologie, Medium und Chirurgie",1806,gw,Germany
15509939,"Réponse du peuple belgique au soi-disant Manifeste ou Déclaration de l'Empereur & Roi, Leopold II, se-disant Duc de Brabant, de Limbourg, de Luxembourg, de Gueldre, &c. &c",1790,be,Belgium
13194505,"Lettres sur des sujets religieux, ou, Correspondance entre un ministre dissident, à Birmingham, et un catholique romain (laique)",1829,be,Belgium
11553929,Premier système pour la suppression du mouvement de lacet des voitures de chemin de fer,1853,be,Belgium
13222602,L'ombre de Diderot et le bossu du marais,1819,fr,France
13229036,Nuovo prospetto della scienze economiche (...),1815,it,Italy
11340561,Antidote contre le somnambulisme [...],1814,be,Belgium
12406023,Studj statistici su Roma e la parte occidentale degli stati Romani,1832,it,Italy
13105122,"Sermons et discours de Ioann Levanda, archiprêtre de la cathédrale Sainte-Sophie de Kiev [Slova i Rěchi Ioanna Levandy, Protoiěreia Kiěvo-Sofiiskago Sobora]",1821,ru,Russia
12453864,Oeuvres facétieuses de Henri Delmotte,1841,fr,France
12170689,Ueber Pharmacopoeen überhaupt und die neu zu bearbeitende [...],1835,gw,Germany
11684230,Nouveau dictionnaire des secrets des arts et métiers,1825,fr,France
15771476,Le prévot de Paris (1369),1836,fr,France
12174443,Notice sur l'eau minérale de Schwalheim,1857,fr,France
12152755,"De la nouvelle école de chirurgie dentaire, ou de la guérison substituée à l'extraction",1862,be,Belgium
13330436,"La soirée amusante, ou un père à ses enfants",1809,fr,France
13556450,Lettres sur quelques antiquités d'Allemagne peu connues en France,1824,fr,France
13625138,Succincta descriptio febris epidemicae Malagae nuper saevientis() edita jussu DPetri Truxillo rerum militarium civiliumque rectoris Malaga ex hisponico in latinum versa a Iosepho Salomone Frank,1805,au,Austria
13397456,Du perfectionnement moral ou de l'éducation de soi-même,1828,be,Belgium
11780297,"A memoir of Central India, including Malwa, and adjoining provinces",1824,enk,United Kingdom
12667165,Pharmacopée universelle ou conspectus des pharmacopées [...],1828,fr,France
13083571,"Précis historique sur les fêtes, les spectacles et les réjouissances publiques (...) par Claude Ruggieri",1830,fr,France
15566065,"Christelicke gedichten ghemaeckt tot lof van t'bestandt ende vrede. Mitsgaders een Echo ofte weder-galm, op't bestandt ende vrede. Ende noch een Nederlandts wellecom-dicht. Retrograde .",1609,xx,Unknown
13292706,Observations sur l'Iliade d'Homère,1829,fr,France
12170151,The chemical decompositions of the London Pharmacopoeia,1821,enk,United Kingdom
22563242,"Le corset vert, comédie en trois actes de Pavel Sumarokov [Zelenoj Korsetʹ Komedija Vʹ trekhʹ dejstvijakhʹ Pavla Sumarokova]",1805,ru,Russia
15509832,"Rareté du numéraire dans les Provinces belgiques, ses causes, ses remèdes, &c. Ouvrage refuté par Mr. Veydt",1790,be,Belgium
18499098,"Methodus tripartita, sive Praxis brevis et clara adjuvandi agonizantes, ut piè & christianè moriantur, ex variis auctoribus, ad usum confessariorum & morientium solatium collecta, latine, gallice & flandricè. Exhibia per R.P.S.C.E. Subnectuntur aliquot resolutiones quoad sacramentorum administrationem in casu necessitatis",1701,be,Belgium
12982019,Descriptio graminum in Gallia et Germania,1802,gw,Germany
12980525,"Naturgeschichte des Hausschwammes, des Mauersalzes und des Mosaischen Häuser-Aussatzes, (...)",1809,gw,Germany
11788213,"Catalogue des ouvrages mis à l'Index, contenant le nom de tous les livres condamnés par la cour de Rome",1828,be,Belgium
18336655,"D'Amerikanen oft Alzire treur-spel. Op den zin. Dolen is Menschelyk, Vergeven Goddelyk. Door F. de la Fontaine",1739,be,Belgium
12710920,"Étude sur la fièvre puerpérale épidémique, et en particulier sur l'épidémie qui a regné à Dunkerque, du mois de juin 1854 au mois de mars 1855",1856,fr,France
11338853,Olympia,1838,au,Austria
17684784,Analyse chimique et microscopique des urines,1900,be,Belgium
12290034,Etudes sur l'article 67 du code de commerce,1856,be,Belgium
13075011,Esope à la Cour,1816,fr,France
13005794,Sechs Satiren übersetzt im Versmasze des Originals mit Anmerkungen und beigefügtem Texte,1822,gw,Germany
15508146,"[1790 05 29] Dépêche écrite par LL. AA. RR. les Sérénissimes (ci-devant) gouverneurs-généraux des Pays-Bas, au général d'artillerie, Baron de Bender, datée de Bonn, du 29 mai 1790 (veille de la conspiration de Bruxelles)",1790,be,Belgium
18430045,"Formulario y estilo curioso de escrivir cartas missivas, segun la orden que al presente se guarda: y la que deven tener qualesquier prelados, y Señores, en las que escrivieren a todo genero de personas. Hecho y recopilado de conceptos de celebres escriptores. Por Juan Vicente Peligero natural de la ciudad de Valencia",1602,be,Belgium
15200404,"Le Philinte de Moliere, ou La suite du Misanthrope, comédie, en cinq actes et en vers. Par P.F.N. Fabre-d'Eglantine. Représentée au théâtre françois, le 22 février 1790 .",1791,fr,France
13259256,Traité de la péritonite puerpérale,1830,fr,France
13027381,Recherches sur la nature et les lois de l'imagination,1807,sz,Switzerland
12293638,De la contrainte par corps en matière civile et commerciale [...],1829,fr,France
13596609,La Jeunesse du Cid,1823,fr,France
11784903,Du choléra. Origine. Propagation. Moyens préservatifs,1884,be,Belgium
12155943,Conseils pour tous sur les maladies contagieuses [...],1866,be,Belgium
13511302,"Guide des étrangers ou itinéraire de la ville d'Aix-la-Chapelle et de Borcette, avec un plan topographique, publié par J. B. De Bouge",1806,be,Belgium
12356326,"Jeanne de Vaubernier, ou la cour de Louis XV",1832,fr,France
15552831,"Mémoire du Citoyen Antoine Joseph Dominique De Braeckenier, rédacteur de l'Impartial bruxellois défendeur, contre Léonard Bourdon, actuellement en cette ville, demandeur",1796,be,Belgium
12291189,Examen du divorce [...],1816,fr,France
11286510,Verhandelingen over den Oost-Indischen Handel,1801,ne,Netherlands
12148962,"De la fièvre typhoïde et de ses manifestations congestives, inflammatoires et hémorrhagiques vers les principaux appareils de l'économie (cerveau, moelle, poumon, etc. etc.)",1858,fr,France
13070717,Itinéraire de Paris à Rouen,1828,fr,France
12190758,Observations sur l'emploi des frictions mercurielles à haute dose dans le traitement de la méningite aiguë,1845,fr,France
11931676,Ueber zwei Meeresschnecken von St-Paul,1865,au,Austria
12816807,Dictionnaire historique des ministres depuis la Révolution jusqu'en 1827,1828,fr,France
13221558,"Camera obscura, van Hildebrand (N Beets)",1853,be,Belgium
17613932,De l'ophthalmie qui règne dans l'armée belge et des moyens d'arrêter la propagation de cette maladie dans toute agglomération d'individus,1842,be,Belgium
18425911,"Lettre d'un citoyen, qui n'est ni archiviste, ni antiquaire, a son ami, le Comte de ***. En lui renvoyant la brochure de l'abbé Ghesquière, sur l'ancienne constitution des Provinces Belgiques, &c.",1790,be,Belgium
11286194,"Crimineel proces tegen Hendrik Jansen, wegens moedwilligen doodslag, aan zyne vrouw begaan (...) met aanmerkingen",1803,ne,Netherlands
12392368,Histoire de la vie et des ouvrages de J.-J. Rousseau,1822,fr,France
13043330,"Epitome linguae japonicae. Auctore Ph. Fr. de Siebold, med. docte",1826,xxu,United States
13210643,Sur l'ordre des colonnes - piliers en Egypte et ses rapports avec le second ordre égyptien et la colonne grecque,1838,it,Italy
12509346,Principales causes de la richesse ou de la misère des peuples et des particuliers,1818,fr,France
12207829,"Manuel du publiciste et de l'homme d'État, contenant les chartes et lois fondamentales, les traités, conventions et notes diplomatiques, les proclamations, actes publics et autres documens officies",1826,fr,France
15508881,Lettre d'un citoyen de Bruxelles au Comité de Gand. Messieurs ... on dit que les partis se trouvent divisés par raport au G[ene]ral Vander Mersch,1790,be,Belgium
12299252,Entretiens de village,1846,be,Belgium
12271427,Descrizione topografica fisica economica politica de reali dominj al di qua del faro nel regno delle Due Sicilie con cenni storici fin da' tempi avanti il domino de' Romani,1830,it,Italy
18410307,[1659 05 30] Ordonnantie ende reglement waer naer die cipiers van het Treurenborgh-Poorte hun sullen hebben te reguleren in't regard van de gevangene .,1717,be,Belgium
17694456,"La Commission médicale de la Province de Namur, et l'Académie royale de médecine de Belgique , à propos des accidents arrivés à Hambraine le 4 août 1856",1859,be,Belgium
11339500,Die spartanische Staatsverfassung in ihrer Entwickelung und ihrem Verfalle,1836,pl,Poland
15505473,La lanterne magique du Brabant .,1787,be,Belgium
13408564,Les mois,1825,fr,France
13143113,Descrizione delle pitture del Campo Santo di Pisa,1829,it,Italy
12679390,"Remarques inédites du président Bouhier, de Breitinger et du Père Oudin sur quelques passages d'Horace [...]",1807,fr,France
12298222,De la Servitude Volontaire ou le contr'un,1836,be,Belgium
12239340,The miscellaneous works and novels of R. C. Dallas,1813,enk,United Kingdom
12309375,"Lamuel, ou le Livre du Seigneur",1816,be,Belgium
13027886,Histoire diplomatique de Martin Behaim,1803,au,Austria
18286965,"Het recht domaniael van syne majesteyt in desen hertoghdomme van Brabant, midtsgaders het gesagh, bewin, ende hanteringe die desaengaende zyn hebbende die Raedt ende Rentmeester generael, ende de gesworene erflaeten desselfs Hooft Thol-camere binnen Brussele. By een gevoeght door den greffier der selver Camere D.F. Martinez",1692,be,Belgium
12137464,Histoire de l'ophthalmie des armées,1841,be,Belgium
11914077,Historia molluscorum Sveciae [...],1822,sz,Switzerland
12755658,"Exhaure, ou dessèchement des houillières et description du Flénu avec ses accidens [...]",1823,be,Belgium
13078278,Orphanis,1813,fr,France
13028683,Ueber die Staatswissenschaft,1820,gw,Germany
14988554,"Les dettes, comédie, en deux actes et en proses, mêlée d'ariettes; par Mr. Champein. Représentée pour la première fois, par les comédiens italiens ordinaires du Roi, le 8 mars 1787",1787,fr,France
13550704,"De 47e Propositie van Euclides, of, Het leerstuk van Pythagoras",1827,ne,Netherlands
11312867,Le fabuliste des enfans ou des adolescens ou fables nouvelles [...],1812,fr,France
13332971,"Examen historique de la révolution espagnole suivi d'observations sur l'esprit public, la religion [...]",1823,fr,France
12428009,Jeanne d'Arc,1828,be,Belgium
13114454,"Siége de la citadelle d'Anvers, poème dédié à l'Armée Française",1833,sz,Switzerland
13462203,"The history of Persia, from the most early period to the present time",1815,enk,United Kingdom
11913398,Catalogue synonmique et raisonné des testacés fossiles recueillis dans les faluns miocènes des communes de La Brède et de Saucats,1873,fr,France
13661458,Narrative of a pedestrian Journey through Russia and Siberian Tartary,1824,enk,United Kingdom
11288125,Correspondance secrète entre Napoléon Buonaparte et Reys le véridique (...) ou Bibliothèque de l'homme d'Etat,1814,fr,France
22730184,Nouvel Appendice à la Bibliographie Douaisienne; de M. Duthilloeul,1851,be,Belgium
11938983,History of Spanish and Portuguese literature,1823,enk,United Kingdom
12802062,"La Henriade travestie en vers burlesques, avec des notes historiques et critiques",1822,fr,France
13239859,Les femmes grecques aux dames françaises,1826,fr,France
15492303,"Avertissement. Les Etats de Flandre, les Etats respectives du Pays-Bas ont reçus certain Manifeste au nom de S.M. le Roi Léopold, lequel ayant été rendu public par la presse, on y voit, qu'après tant de sang repandu pour  notre Religion & notre Liberté, l'on propose au Peuple Belgique le même Gouvernement qui a donnés lieu & qui a été la pierre fondamentale de notre malheur (...)",1790,be,Belgium
11344772,"Réponse au mémoire adressé le 14 janvier 1837, par Mr. L. Ocreman, curé de l'église de Saint-Claire, a MM. les bourgmestre et échevins de cette ville",1837,be,Belgium
13327253,Généalogie de l'instruction moderne,1829,be,Belgium
13189383,Notices diverses présentées à la Commission royale d'Histoire de Belgique,1850,be,Belgium
11568978,Observations obstétricales,1878,be,Belgium
15803771,"Les Savoyardes, ou La continence de Bayard. Comédie en un acte, en prose, mêlée d'ariettes, par M. de Piis, musique de M. de Propiac, représentée pour la première fois par les comédiens italiens ordinaires du Roi, le 30 mai 1789 .",1789,fr,France
18395999,Augurii Gislenii Busbequii Epistolarum legationis gallicae libri II. Ad Maximilianum II. et Rudolphum II. Romanorum Imperatores. E bibliotheca Io. Bapt. Hovvvaert I.C. Patricii Bruxell,1632,be,Belgium
15509481,"Mon Général, je reçois à l'instant la lettre de V.E. au moment que nous venons de rentrer, nos postes avancés ayant été attaqués cette nuit par une partie des ennemis de Ghoen & Javet",1790,be,Belgium
11552832,"Traité du fusil de chasse et moyens d'en améliorer la portée, le fini et la durée suivis de quelques considérations sur la manière d'éviter les accident, d'une méthode de tir au pistole, d'un recueil d'épreuves et de manipulations employées dans les manufactures d'armes, et enfin, de recettes utiles au chasseur pour entretenir la santé des cheins sans le secours d'un homme de l'art. Dédié à S. M. Léopold Ier roi des Belges, et à LL. AA. RR. Mgr le duc de Brabant et le comte de Flandre",1851,be,Belgium
13471006,Description historique et pittoresque de l'église cathédrale de Saint Bavon [...],1819,be,Belgium
12161480,Mémoire sur la cure des Pieds-bots,1838,fr,France
13241731,L'Inde pittoresque,1840,fr,France
15589584,"Vermaeckelycke kluchte van eenen boer, ende eenen Ros-Cammer ... ; [Nieuw liedeken. Tot lof van een fraey meysken. Stemme: Van Caecelia ...] ; [Chronyke vande princepaelste geschiedenissen, voorgevallen t'sedert september 1730. tot october 1731 ...]",1731,be,Belgium
13523918,A rough sketch of the field of Waterloo,1839,be,Belgium
12138317,Du catarrhe du sac lacrymal et de ses complications,1873,be,Belgium
12358710,Les Belles Femmes de Paris,1839,fr,France
12359151,Iris,1894,be,Belgium
11643312,Manuel des bandages à l'usage des étudians en médecine,1827,be,Belgium
11688025,"Anthologie morale ou traité des devoirs envers Dieu, la patrie, le souverain et la société [...]",1834,be,Belgium
12160975,"Histoire de la lithotritie, précédée de réflexions sur la dissolution des calculs urinaires [...]",1839,fr,France
12711716,La nature considérée comme force instinctive des organes,1846,be,Belgium
12360294,Forte-spada l'Aventurier,1845,fr,France
12000148,Dal Saggio sopra l'origine unica delle cifre e lettere di tutti i popoli per M. De Paravey,1826,fr,France
11814852,Discours de ce qu'a fait en France le héraut d'Angleterre et la réponse que lui a faite le roi le 7 juin 1557,1841,fr,France
18256479,Pro victoriis hoc auspicato anno divinitus partis Deo Opt. Max. Ferdinando Austriaco gratiae sine panegyricus eucharis ... Ernesto Vaenio jurisconsulto Monetae Regis praefecto plausus chorago .,1638,be,Belgium
12158135,Etude sur la laryngite syphilitique secondaire [...],1880,fr,France
13073096,Le Galant Jardinier,1816,fr,France
12240864,Vies des savants illustres depuis l'antiquité jusqu'au dix-neuvième siècle,1877,fr,France
13294545,Scènes populaires montoises,1834,be,Belgium
12141633,"Rapport sur les hospices d'aliénés de l'Angleterre, de la France et de l'Allemagne",1842,be,Belgium
11592049,Oden,1814,gw,Germany
18249428,Sidronii Hosschii e Societate Iesu Elegiae de Christo patiente,1649,be,Belgium
13158895,Rapport verbal sur les antiquités de Trèves et de Mayence,1843,fr,France
11913150,"Essai d'un catalogue des mollusques, marins, terrestres et fluviatiles vivant dans les environs de Cherbourg et de Valognes",1860,fr,France
22555002,"Collection des mémoires relatifs a l'histoire de France, depuis l'avénement de Henri IV jusqu'a la paix de Paris conclue en 1763 [...] par messieurs A. Petitot et Monmerqué. Tomes LV [-LVII].  [Mémoires du Duc de Guise ;  Mémoires du Maréchal de Gramont ; Mémoires des divers emplois et des principales actions du Maréchal du Plessis]",1826,fr,France
13330404,"Le quadrille des enfans, ou système nouveau de lecture (...) avec figures en taille-douce",1798,sz,Switzerland
13401752,Le Danube allemand et l'Allemagne du Sud,1863,fr,France
12214467,La Mort de Jeanne d'Arc,1807,fr,France
11739247,Recherches sur deux monuments antiques de la Colonie de Nimes,1803,fr,France
12202212,"Nouvelle Histoire de France de le Ragois [...], suivie d'un Abrégé de l'histoire romaine, ancienne, poétique et de la Géographie",1833,fr,France
15480075,La reliure,1894,fr,France
13540814,"Recueil de thèmes, d'exercices et de versions, pour faciliter l'étude de la langue hollandaise",1824,be,Belgium
12861692,La confession Auriculaire est une dangereuse folie,1840,fr,France
11951722,"Catalogue d'une collection précieuse, et du plus beau choix, de tableaux des trois écoles, dessins et aquarelles, bronzes, marbres précieux, lapis, agathes, tabatières, ivoire, etc., etc. composant le cabinet de M. Lapeyrière",1817,fr,France
13633872,Code de la pêche fluviale,1829,fr,France
13156156,Une monnaie de Blankenberg,1858,be,Belgium
12151233,De la valeur des bains froids dans le traitement de la fièvre typhoïde,1874,fr,France
12299832,Oui et non au sujet des Ultramontains et des Gallicans,1845,fr,France
12408801,Eclisse solare del giorno 18 giugno 1860,1860,xx,Unknown
11703282,Zoonomia ovvero leggi della vita organica di Erasmo Darwin [...],1803,it,Italy
12424452,"Avant, pendant et après",1828,be,Belgium
11734618,Letter-kundigen brief geschreven aen de Kersouwieren van oudenaerden Den 16 evan Wyu-maend,1814,be,Belgium
15514048,"(N°. I.) Le Pere Duchesne, fumant une pipe dans un staminet à Bruxelles",1792,be,Belgium
11556537,Reseña histórica de los monumentos que existen en la insigne ciudad de Alcala de Henares,1863,sp,Spain
13532899,Manuel du Bibliographe normand ou Dictionnaire bibliographique et historique des ouvrages et des auteurs de la Normandie,1858,fr,France
13732370,"Afrika von Süd nach West und von West nach Ost endlich einmal durchkreuzt, oder Kurze Uebersicht der Missionsreisen und Entdeckungen des Dr. Livingston durch [...]",1857,gw,Germany
13396259,Monumenti scelti Borghesiani,1837,it,Italy
11919482,Sur les migrations anciennes des mammifères de l'epoque actuelle [...],1858,fr,France
11795091,Nouvelle flore des environs de Paris,1821,fr,France
