book_id,language
12163581,ger
11528967,fre
12021785,eng
22169951,ita
11677526,fre
13672019,fre
11338323,dut
11484566,fre
13249372,fre
11835009,fre
11705027,fre
13431121,fre
12000506,fre
13621021,fre
12530677,fre
22166460,fre
22431064,fre
22318851,fre
13032985,fre
11546837,fre
12002043,fre
12811648,dut
22279769,fre
22189337,fre
11488969,eng
13398939,fre
11453740,eng
12174683,dut
11936293,fre
11248030,fre
13586687,ger
13600878,fre
12244336,ita
11612112,fre
11765643,fre
11817807,dut
12550663,fre
11314964,fre
13448678,fre
11359276,fre
11898513,fre
12044914,eng
12291506,fre
11571751,dut
11596622,fre
11963866,fre
22366484,spa
12249033,ger
11663948,fre
12455258,fre
12462123,fre
11284879,ger
11901998,fre
13532901,fre
12170782,fre
13317549,fre
11653950,fre
13028249,fre
13451181,fre
12445844,dut
12738711,fre
12934321,fre
11741719,fre
13526073,ger
12141073,fre
12362320,fre
22070660,ger
12546849,ger
11582928,ger
12119326,dut
11976619,fre
13508368,por
11811190,fre
22175409,fre
11554054,fre
13250926,eng
13457592,fre
12753883,fre
12019566,fre
12156751,fre
13533376,dut
13717119,ger
12124632,dut
12579754,fre
11679170,fre
12225332,fre
12613533,fre
11706359,fre
12973681,dut
12110752,multiple languages
12785901,ita
18229749,fre
12567490,rus
11780203,dut
11787277,fre
11625432,dut
12856835,fre
11282214,ger
11620338,fre
22399230,multiple languages
12154450,fre
22209024,fre
11949012,fre
12144169,fre
22118173,ger
13415064,fre
13474819,dut
13437733,dut
12492120,fre
12153812,fre
12333664,fre
12698433,ger
11506686,fre
12087013,fre
12225237,fre
11720225,fre
12996760,fre
12436839,fre
13599034,fre
12131791,fre
11631782,ita
13377992,fre
11586596,ger
13306387,ger
13308643,fre
12918565,fre
11756111,ger
13713107,fre
12822354,fre
11941261,fre
12506787,lat
17581069,fre
12060389,fre
13471807,eng
12057087,ita
11417246,fre
11844795,fre
12511497,fre
13558225,ger
13706653,multiple languages
12243063,fre
11337874,dut
22070468,ger
12592657,fre
11997678,lat
22264032,fre
11673033,fre
13223670,dut
12576673,fre
13416832,fre
13459808,ita
12852240,dut
11661571,fre
11719491,fre
11668121,dut
12045242,fre
11539582,fre
11917048,fre
12597487,fre
12096853,fre
22469572,dut
12265260,fre
12672180,fre
11983077,lat
12015784,fre
11292419,fre
11773897,fre
11697149,fre
13536860,fre
22266034,fre
13549607,fre
13712761,fre
12910698,fre
13587933,eng
11330688,fre
11821325,ger
12485658,fre
12988859,fre
12079295,fre
13655350,lat
11852694,fre
13014045,fre
11811047,fre
12578124,fre
13240703,fre
11494340,fre
12020348,fre
13139690,fre
11999468,fre
12090697,fre
12133634,fre
12517879,fre
13456166,ger
11260850,fre
12549922,ger
12014661,fre
22121160,eng
11590034,fre
11630744,dut
14989134,fre
13123241,fre
11586432,fre
11404232,fre
12021269,eng
12030823,fre
13356738,fre
11357452,fre
13011627,eng
13496940,fre
12489264,multiple languages
12704852,fre
11536087,fre
13449812,fre
12567417,rus
11736212,dut
11457009,eng
12764605,ger
13654349,eng
12740989,fre
12612067,fre
12245718,fre
13601423,fre
13213333,dut
12336744,spa
13257742,ger
11707170,fre
13741360,fre
13107841,fre
13000354,fre
12129740,fre
12378483,fre
13657181,eng
12059872,eng
22221437,fre
12012012,fre
13701205,fre
12863968,fre
12588188,fre
13490755,ger
11896972,dut
11903636,dut
13684419,fre
12021738,eng
11792123,fre
11299321,fre
12463409,fre
13410515,fre
11428290,fre
11306007,fre
11664535,fre
13010298,ger
13081040,ger
13683374,fre
13425348,dut
13703077,ger
11629007,fre
11938154,fre
12773432,ger
13053049,dut
11333028,fre
13492907,fre
11685345,fre
13585152,fre
13444966,ger
13578583,dut
13100807,lat
11651270,fre
13303922,multiple languages
12976669,ger
13247643,eng
11690823,fre
12040450,eng
12764226,fre
12507840,ger
12667259,dut
12636650,fre
13122346,ger
12091637,fre
12088160,fre
11994276,fre
22292621,fre
11828894,fre
12226629,fre
12303599,fre
13298512,fre
13060391,fre
12859097,fre
13610804,fre
12311723,ger
15551544,fre
11269355,fre
11799468,fre
13263380,ita
12894350,fre
12526269,fre
13383840,ger
11565633,multiple languages
13450569,fre
12024234,dut
12680988,fre
15097212,fre
13392001,eng
13025659,ita
12743788,fre
13277861,spa
12118295,fre
11716717,fre
12035742,fre
12281486,por
12748520,fre
11827004,fre
13033181,fre
11330764,fre
11307649,spa
12483445,fre
12726469,eng
11884002,ita
11670422,fre
13122198,fre
11716994,fre
13367103,fre
11673380,fre
13613519,fre
11705521,lat
12257890,ita
12381463,fre
13338602,swe
11676770,ger
13553998,ger
12785113,fre
11335078,fre
12014613,dut
12994351,fre
12422803,dut
12183096,fre
12900596,fre
12070849,fre
12144268,fre
12511674,fre
11263218,fre
12144122,fre
12802149,fre
13289123,fre
12023321,eng
11491384,dut
11846790,fre
11645216,ger
13448864,fre
12965311,fre
12254565,dut
11612200,fre
22193759,dut
13472939,fre
15102782,dut
13455308,ger
11520593,fre
12056542,fre
17204157,fre
12461056,fre
12160563,fre
12136271,ita
11763311,fre
11834824,fre
12285884,fre
12344937,dut
12384864,fre
11703392,fre
12205107,fre
12558486,dut
11275038,ita
12846755,fre
15099949,dut
12877580,fre
12733487,eng
11451032,fre
22262150,fre
12735452,dut
17204494,fre
12650922,dut
12276371,fre
13470444,fre
12882267,fre
12991521,fre
12738805,fre
12247257,eng
11785331,fre
12808903,fre
13553957,ger
13065895,lat
12591087,lat
11948317,ger
13675903,fre
11265805,fre
13201798,fre
11298463,fre
13482544,fre
11815894,fre
11561385,fre
11663545,fre
11294429,ger
12421570,fre
13330434,fre
22284412,fre
12104036,dut
12557948,fre
12351955,fre
11320203,fre
11559528,fre
13298538,fre
22535080,ita
12349849,dut
11451427,ger
13056281,fre
12751346,fre
11466698,dut
11633611,fre
11266800,ger
15459004,lat
12239177,fre
12454692,fre
12283343,fre
12627702,fre
11967791,fre
22181165,fre
12400940,lat
13703599,fre
12227668,fre
12072621,fre
12990221,fre
12829332,eng
11396037,fre
11273289,ger
11560681,fre
12338360,fre
13054437,fre
11703964,fre
13704834,fre
11697764,fre
12296218,fre
13003804,fre
11590012,eng
11720268,dut
12058098,fre
12632936,eng
12550887,ger
13696584,spa
11330298,dut
11611745,fre
13717323,ger
11644831,dut
11346573,fre
15101604,fre
12023839,eng
12803306,fre
11952551,fre
11268495,fre
12836886,ita
12564913,fre
12683251,dut
12365825,ita
11937871,lat
11604067,ger
11764270,dut
12265369,fre
12104394,fre
12293803,fre
12788919,fre
12258111,fre
12812277,fre
12894945,fre
11666962,fre
22069960,fre
22358131,fre
13671584,ger
13300919,eng
11996353,fre
13117265,ger
12922900,fre
12492717,fre
13611649,fre
13351223,fre
11425201,fre
11740099,dut
12280355,fre
13309704,eng
12499091,fre
12239451,fre
12053858,fre
12112001,ita
13464659,fre
13227343,spa
11812790,fre
11506792,fre
12606472,fre
11788277,fre
12365339,dut
11317855,ger
13717014,ger
13584893,fre
12203112,fre
13231200,ger
11279101,ger
13506067,spa
13062997,multiple languages
22175410,fre
11267129,fre
12621355,dut
12742290,dut
13278659,ger
13600018,fre
12818721,fre
22431079,fre
11855462,spa
13617662,ita
22097645,eng
12715640,fre
12856440,fre
12656353,fre
11915638,ita
11317498,fre
13477972,eng
12643417,ita
12649927,fre
13624618,fre
13387842,fre
11819890,dut
11709058,dut
11614986,fre
11643811,fre
12244736,ita
12094560,fre
12132265,fre
13026140,fre
13303134,fre
11460952,eng
11826744,dut
12318712,fre
11441066,fre
11434602,fre
11390557,fre
11287982,fre
12387377,fre
22335868,lat
22222722,ger
12274354,fre
12864338,fre
12259308,dut
13688725,fre
11995035,lat
22158188,fre
13660843,fre
12250822,fre
13366413,fre
13022899,fre
13732372,fre
13315470,fre
13277408,fre
13576247,ger
12953482,fre
11587924,eng
12995500,fre
11455723,multiple languages
12931360,ita
11274099,ger
12608292,ger
13602698,fre
11790375,fre
22233517,dut
12380724,fre
17476855,fre
15099272,fre
12766129,fre
13043449,eng
12552057,fre
12124699,fre
13113109,ger
12055527,ger
12349545,fre
13649026,por
11777063,fre
13685393,fre
12384903,fre
13051038,fre
12521836,spa
12444244,ita
12795055,dut
12573485,ger
12692604,fre
12661460,fre
12056843,ger
11374094,eng
11989289,lat
12100943,dut
11754516,ger
13648732,por
11286952,ger
11731905,ger
17026797,fre
11606178,dut
13132164,fre
12120418,spa
11504614,dut
11320872,fre
13532624,fre
13317862,spa
13707247,ger
12211072,fre
12054631,dut
13426669,fre
13498116,fre
13681452,fre
11609478,fre
12393048,fre
12521959,fre
12756734,dut
12944200,fre
11837033,fre
12398469,ita
13656219,fre
12922933,fre
12132733,fre
12830674,fre
11493695,fre
13696100,ger
12227120,ita
12504828,fre
11841367,fre
11449003,ger
11436804,fre
13560173,fre
12262514,fre
11957020,fre
12045646,fre
12984328,fre
12138337,fre
11767356,fre
12170331,fre
13464625,fre
12217172,ita
11811220,fre
13481292,ita
13350367,fre
12126392,dut
11900402,ita
12264611,dut
22111343,ger
12034997,fre
11518224,fre
11448868,fre
12332549,fre
12582186,fre
13702261,fre
13210012,fre
22099729,fre
12111076,fre
12364974,fre
13602008,fre
13514261,spa
12653326,fre
22239173,ger
12451844,fre
13134569,fre
13355409,fre
12235763,fre
12805836,fre
11697487,fre
13498850,fre
12360425,fre
12352873,dut
12877293,fre
13648179,fre
22250149,fre
12754923,fre
11957850,fre
12260702,fre
13288613,fre
11842610,dut
12738269,fre
13278581,fre
12559570,ita
11939495,ita
12101977,dut
12527847,fre
11664391,fre
13698132,fre
13028209,fre
13221334,eng
11661612,fre
12454260,fre
11654399,fre
13434965,fre
12841004,fre
11717077,fre
13604492,fre
12055380,fre
12608659,eng
12457043,fre
12040415,fre
12586168,fre
12807640,fre
22418918,dut
12238472,fre
22120643,fre
12021710,eng
13649323,por
12555624,fre
22091068,fre
13436304,fre
12614108,ita
11278860,ger
22069439,ger
13664296,fre
11700409,fre
12840898,dut
12168641,fre
13116535,fre
12929945,fre
13482931,multiple languages
12664581,fre
22174649,fre
12772400,fre
12099512,fre
12397599,fre
12167526,ger
11688120,fre
11716408,ger
13254176,eng
11424504,ger
13372664,fre
12721536,dut
11959386,fre
17160611,fre
12458887,fre
12438570,dut
22288578,fre
13711195,fre
22049585,fre
12716699,fre
12997037,fre
12060019,eng
12426647,fre
11654251,ita
13592894,fre
11458675,ita
11490274,lat
13435384,fre
12337450,lat
12582726,fre
13475369,eng
12798559,fre
12663557,fre
12439258,fre
11689390,fre
12638220,fre
11908570,dut
11489462,ger
12757785,fre
11618572,eng
12512186,fre
13365636,fre
13651604,fre
11579777,fre
13725989,ger
22264513,fre
12674208,fre
12280007,dut
11695983,fre
12829602,fre
13675550,eng
12467212,ita
12896107,fre
13629177,fre
11404781,fre
12975355,fre
12574255,fre
12211605,lat
11982055,lat
13367644,eng
13011320,ger
11267077,fre
22170679,fre
18161352,spa
11673612,fre
12955385,fre
13548586,fre
12944918,fre
12634261,eng
12128234,fre
11763078,fre
12125718,fre
22426311,fre
11700369,multiple languages
11687876,fre
12962372,fre
13706485,ger
13140912,fre
12166184,fre
13042984,ger
13227043,spa
12442192,ger
11318977,fre
13224039,ita
13011162,fre
11383692,fre
12105079,fre
22178188,spa
13510451,spa
12546088,ger
12459178,fre
13690201,fre
11853528,fre
12171344,lat
13529221,dut
11569291,fre
15138176,dut
11540667,fre
11974732,fre
12518106,fre
15568683,lat
11588617,fre
12728858,multiple languages
13040461,fre
13333107,fre
11658726,multiple languages
15430911,fre
11937571,multiple languages
11556419,fre
11556674,dut
11520346,ger
11918873,fre
13277969,ita
11621481,fre
13635129,fre
11910695,fre
13136111,eng
17274664,fre
17688383,fre
13514958,ger
12755406,fre
13077036,fre
13597360,fre
13253450,ger
15509939,fre
13194505,fre
11553929,fre
13222602,fre
13229036,ita
11340561,fre
12406023,ita
13105122,rus
12453864,fre
12170689,ger
11684230,fre
15771476,fre
12174443,fre
12152755,fre
13330436,fre
13556450,fre
13625138,lat
13397456,fre
11780297,eng
12667165,fre
13083571,fre
15566065,dut
13292706,fre
12170151,eng
22563242,rus
15509832,fre
18499098,lat
12982019,lat
12980525,ger
11788213,fre
18336655,dut
12710920,fre
11338853,eng
17684784,fre
12290034,fre
13075011,fre
13005794,ger
15508146,fre
18430045,spa
15200404,fre
13259256,fre
13027381,fre
12293638,fre
13596609,fre
11784903,fre
12155943,fre
13511302,fre
12356326,fre
15552831,fre
12291189,fre
11286510,dut
12148962,fre
13070717,fre
12190758,fre
11931676,ger
12816807,fre
13221558,dut
17613932,fre
18425911,fre
11286194,dut
12392368,fre
13043330,lat
13210643,fre
12509346,fre
12207829,fre
15508881,fre
12299252,fre
12271427,ita
18410307,dut
17694456,fre
11339500,ger
15505473,fre
13408564,fre
13143113,ita
12679390,fre
12298222,fre
12239340,eng
12309375,fre
13027886,fre
18286965,dut
12137464,fre
11914077,lat
12755658,fre
13078278,fre
13028683,ger
14988554,fre
13550704,dut
11312867,fre
13332971,fre
12428009,fre
13114454,fre
13462203,eng
11913398,fre
13661458,eng
11288125,fre
22730184,fre
11938983,eng
12802062,fre
13239859,fre
15492303,fre
11344772,fre
13327253,fre
13189383,fre
11568978,fre
15803771,fre
18395999,lat
15509481,fre
11552832,fre
13471006,fre
12161480,fre
13241731,fre
15589584,dut
13523918,eng
12138317,fre
12358710,fre
12359151,dut
11643312,fre
11688025,fre
12160975,fre
12711716,fre
12360294,fre
12000148,ita
11814852,fre
18256479,lat
12158135,fre
13073096,fre
12240864,fre
13294545,fre
12141633,fre
11592049,ger
18249428,lat
13158895,fre
11913150,fre
22555002,fre
13330404,fre
13401752,fre
12214467,fre
11739247,fre
12202212,fre
15480075,fre
13540814,fre
12861692,fre
11951722,fre
13633872,fre
13156156,fre
12151233,fre
12299832,fre
12408801,ita
11703282,ita
12424452,fre
11734618,dut
15514048,fre
11556537,spa
13532899,fre
13732370,ger
13396259,ita
11919482,fre
11795091,fre
