book_id,year
12163581,1852
11528967,1870
12021785,1875
22169951,1880
11677526,1865
13672019,1900
11338323,1862
11484566,1876
13249372,1893
11835009,1880
11705027,1882
13431121,1895
12000506,1833
13621021,1892
12530677,1876
22166460,1876
22431064,1898
22318851,1893
13032985,1850
11546837,1870
12002043,1853
12811648,1900
22279769,1845
22189337,1884
11488969,1867
13398939,1887
11453740,1890
12174683,1891
11936293,1843
11248030,1901
13586687,1898
13600878,1859
12244336,1867
11612112,1880
11765643,1871
11817807,1859
12550663,1884
11314964,1855
13448678,1833
11359276,1900
12044914,1844
12291506,1893
11571751,1878
11596622,1844
22366484,1898
12249033,1879
11663948,1858
12455258,1839
12462123,1896
11284879,1896
11901998,1836
13532901,1847
12170782,1891
13317549,1842
11653950,1856
13028249,1834
13451181,1884
12445844,1895
12738711,1887
12934321,1831
11741719,1883
13526073,1860
12362320,1852
22070660,1855
12546849,1853
11582928,1890
12119326,1890
11976619,1838
13508368,1894
11811190,1874
22175409,1832
11554054,1878
13250926,1853
13457592,1894
12753883,1880
12019566,1866
12156751,1831
13533376,1869
13717119,1839
12124632,1774
12579754,1884
11679170,1865
12225332,1877
12613533,1859
11706359,1883
12973681,1841
12110752,1856
12785901,1875
18229749,1841
12567490,1867
11780203,1884
11787277,1834
11625432,1880
12856835,1865
11282214,1894
11620338,1831
22399230,1897
12154450,1867
22209024,1875
11949012,1886
12144169,1885
22118173,1873
13415064,1858
13474819,1860
13437733,1855
12492120,1895
12153812,1835
12333664,1861
12698433,1884
11506686,1867
12087013,1874
12225237,1892
11720225,1848
12996760,1884
12436839,1895
13599034,1854
12131791,1875
11631782,1842
13377992,1871
11586596,1846
13306387,1858
13308643,1857
12918565,1889
11756111,1874
12822354,1888
11941261,1870
12506787,1883
17581069,1877
12060389,1868
13471807,1851
12057087,1890
11417246,1852
11844795,1843
12511497,1873
13558225,1835
13706653,1899
12243063,1878
11337874,1862
22070468,1862
12592657,1867
11997678,1887
11673033,1862
13223670,1856
12576673,1884
13416832,1850
13459808,1895
12852240,1898
11661571,1872
11719491,1851
11668121,1880
12045242,1883
11539582,1878
11917048,1886
12597487,1849
12096853,1840
22469572,1889
12265260,1855
12672180,1857
11983077,1890
12015784,1876
11292419,1852
11773897,1871
11697149,1878
13536860,1867
22266034,1845
13549607,1861
12910698,1889
13587933,1862
11330688,1866
11821325,1850
12485658,1896
12988859,1883
12079295,1869
13655350,1859
11852694,1867
13014045,1883
11811047,1847
12578124,1852
13240703,1855
11494340,1869
12020348,1868
13139690,1870
11999468,1846
12090697,1889
12133634,1890
12517879,1896
13456166,1851
11260850,1899
12549922,1883
12014661,1877
22121160,1877
11590034,1879
11630744,1880
14989134,1788
13123241,1884
11586432,1879
11404232,1852
12021269,1874
12030823,1898
13356738,1894
11357452,1887
13011627,1865
13496940,1867
12704852,1898
11536087,1877
13449812,1840
12567417,1863
11736212,1866
11457009,1875
12764605,1850
13654349,1898
12740989,1887
12612067,1852
12245718,1848
13601423,1863
13213333,1856
12336744,1881
13257742,1844
11707170,1884
13741360,1876
13107841,1853
13000354,1846
12129740,1890
12378483,1830
13657181,1863
12059872,1869
22221437,1886
12012012,1858
13701205,1900
12863968,1890
12588188,1882
13490755,1895
11896972,1886
11903636,1886
13684419,1858
12021738,1876
11792123,1796
11299321,1865
12463409,1896
13410515,1887
11428290,1864
11306007,1866
11664535,1870
13010298,1852
13081040,1836
13683374,1895
13425348,1846
13703077,1864
11629007,1839
11938154,1887
12773432,1883
13053049,1851
11333028,1863
13492907,1895
11685345,1869
13585152,1872
13444966,1838
13578583,1896
13100807,1892
11651270,1881
13303922,1894
12976669,1851
13247643,1887
11690823,1874
12040450,1877
12764226,1899
12507840,1883
12667259,1898
12636650,1881
13122346,1849
12091637,1890
12088160,1878
11994276,1875
22292621,1860
11828894,1884
12226629,1892
12303599,1842
13298512,1840
13060391,1882
12859097,1881
13610804,1848
12311723,1851
15551544,1787
11269355,1865
11799468,1874
13263380,1837
12894350,1846
12526269,1882
13383840,1895
11565633,1878
13450569,1872
12024234,1888
12680988,1898
15097212,1787
13392001,1886
13025659,1891
12743788,1899
13277861,1891
12118295,1890
11716717,1883
12035742,1889
12281486,1878
12748520,1899
11827004,1869
13033181,1849
11330764,1865
11307649,1899
12483445,1895
12726469,1830
11884002,1872
11670422,1856
13122198,1879
11716994,1891
13367103,1879
11673380,1863
13613519,1853
11705521,1837
12257890,1878
12381463,1828
13338602,1868
11676770,1867
13553998,1846
12785113,1870
11335078,1864
12014613,1888
12994351,1884
12422803,1895
12183096,1891
12900596,1840
12070849,1889
12144268,1890
12511674,1844
11263218,1901
12144122,1828
12802149,1900
13289123,1862
12023321,1874
11491384,1876
11846790,1850
11645216,1871
13448864,1832
12965311,1837
12254565,1892
11612200,1868
22193759,1882
13472939,1859
15102782,1790
13455308,1855
11520593,1841
12056542,1852
17204157,1896
12461056,1896
12160563,1877
12136271,1890
11763311,1871
11834824,1871
12285884,1844
12344937,1832
12384864,1895
11703392,1881
12205107,1869
12558486,1897
11275038,1862
12846755,1856
15099949,1788
12877580,1843
12733487,1898
11451032,1835
22262150,1877
12735452,1899
17204494,1897
12650922,1866
12276371,1853
12882267,1901
12991521,1880
12738805,1899
12247257,1860
11785331,1823
12808903,1842
13553957,1839
13065895,1852
12591087,1897
11948317,1826
13675903,1878
11265805,1844
13201798,1855
11298463,1861
13482544,1897
11815894,1874
11561385,1878
11663545,1858
11294429,1884
12421570,1894
13330434,1853
22284412,1889
12104036,1854
12557948,1884
12351955,1868
11320203,1867
11559528,1878
13298538,1885
12349849,1894
11451427,1868
13056281,1853
12751346,1899
11466698,1873
11633611,1848
11266800,1865
15459004,1845
12239177,1892
12454692,1846
12283343,1880
12627702,1898
11967791,1862
22181165,1881
12400940,1836
13703599,1900
12227668,1860
12072621,1863
12990221,1881
12829332,1883
11396037,1884
11273289,1869
11560681,1878
12338360,1881
13054437,1866
11703964,1882
13704834,1900
11697764,1869
12296218,1844
13003804,1816
11590012,1876
11720268,1883
12058098,1827
12632936,1865
12550887,1866
13696584,1858
11330298,1891
11611745,1880
13717323,1858
11644831,1854
11346573,1901
15101604,1789
12023839,1873
12803306,1900
11952551,1851
11268495,1864
12836886,1845
12564913,1866
12683251,1898
12365825,1894
11937871,1854
11604067,1836
11764270,1884
12265369,1892
12104394,1854
12293803,1830
12788919,1872
12258111,1893
12812277,1884
12894945,1901
11666962,1881
22069960,1860
22358131,1888
13671584,1839
13300919,1842
11996353,1868
13117265,1834
12922900,1858
12492717,1896
13611649,1845
13351223,1883
11425201,1865
11740099,1883
12280355,1893
13309704,1836
12499091,1861
12239451,1874
12053858,1898
12112001,1874
13227343,1877
11812790,1889
11506792,1845
12606472,1877
11788277,1884
12365339,1895
11317855,1852
13717014,1857
13584893,1836
12203112,1891
13231200,1888
11279101,1892
13506067,1846
13062997,1851
22175410,1833
11267129,1865
12621355,1897
12742290,1899
13278659,1893
13600018,1862
12818721,1900
22431079,1900
11855462,1886
13617662,1829
22097645,1861
12715640,1898
12856440,1899
12656353,1885
11915638,1843
11317498,1833
13477972,1818
12643417,1863
12649927,1838
13624618,1842
13387842,1866
11819890,1885
11709058,1883
11614986,1880
11643811,1840
12244736,1878
12094560,1860
12132265,1890
13026140,1891
13303134,1894
11460952,1838
11826744,1885
12318712,1894
11441066,1875
11434602,1867
11390557,1848
11287982,1861
12387377,1882
22335868,1900
22222722,1883
12274354,1893
12864338,1845
13688725,1894
11995035,1896
22158188,1849
13660843,1882
12250822,1890
13366413,1877
13022899,1891
13732372,1876
13315470,1879
13277408,1866
13576247,1838
12953482,1890
11587924,1897
12995500,1847
11455723,1850
12931360,1871
11274099,1889
12608292,1819
13602698,1889
11790375,1828
22233517,1897
12380724,1882
17476855,1790
15099272,1787
12766129,1887
13043449,1834
12552057,1897
12124699,1869
13113109,1855
12055527,1844
12349545,1894
13649026,1894
11777063,1884
13685393,1862
12384903,1895
13051038,1887
12521836,1863
12444244,1876
12795055,1899
12573485,1861
12692604,1882
12661460,1828
12056843,1860
11374094,1890
11989289,1891
12100943,1821
11754516,1872
13648732,1885
11286952,1877
11731905,1880
17026797,1890
11606178,1880
13132164,1876
12120418,1889
11504614,1876
11320872,1865
13532624,1848
13317862,1851
13707247,1899
12211072,1892
12054631,1857
13426669,1823
13498116,1873
13681452,1898
11609478,1880
12393048,1851
12521959,1876
12756734,1899
12944200,1890
11837033,1873
12398469,1842
13656219,1883
12922933,1859
12132733,1855
12830674,1876
11493695,1876
13696100,1857
12227120,1848
12504828,1833
11841367,1875
11449003,1848
11436804,1858
13560173,1861
12262514,1857
11957020,1887
12045646,1890
12984328,1851
12138337,1839
11767356,1855
12170331,1838
13464625,1895
12217172,1853
11811220,1885
13481292,1856
13350367,1889
12126392,1890
11900402,1875
12264611,1890
22111343,1875
12034997,1888
11518224,1877
11448868,1851
12332549,1864
12582186,1836
13702261,1864
13210012,1855
22099729,1834
12111076,1869
12364974,1894
13602008,1882
13514261,1877
12653326,1898
22239173,1882
12451844,1895
13134569,1893
13355409,1894
12235763,1879
12805836,1868
11697487,1878
13498850,1889
12360425,1894
12352873,1894
12877293,1900
13648179,1863
22250149,1891
12754923,1900
11957850,1887
12260702,1869
13288613,1848
11842610,1885
12738269,1899
13278581,1848
12559570,1881
11939495,1839
12101977,1872
12527847,1896
11664391,1869
13698132,1898
13028209,1837
13221334,1834
11661612,1857
12454260,1877
11654399,1856
13434965,1896
12841004,1896
11717077,1891
13604492,1887
12055380,1852
12608659,1841
12457043,1867
12040415,1869
12586168,1884
12807640,1875
22418918,1886
12238472,1868
22120643,1867
12021710,1874
13649323,1896
12555624,1897
22091068,1865
13436304,1808
12614108,1873
11278860,1892
22069439,1860
13664296,1863
11700409,1880
12840898,1897
13116535,1892
12929945,1889
13482931,1860
12664581,1863
22174649,1880
12772400,1899
12099512,1850
12397599,1895
12167526,1861
11688120,1872
11716408,1873
13254176,1831
11424504,1833
13372664,1889
12721536,1899
11959386,1873
17160611,1886
12458887,1883
12438570,1895
22288578,1853
13711195,1900
22049585,1833
12716699,1831
12997037,1888
12060019,1866
12426647,1895
11654251,1856
13592894,1833
11458675,1885
11490274,1869
13435384,1896
12337450,1879
12582726,1852
13475369,1860
12798559,1877
12663557,1864
12439258,1873
11689390,1842
12638220,1885
11908570,1886
11489462,1869
12757785,1899
11618572,1897
12512186,1896
13365636,1874
13651604,1838
11579777,1878
13725989,1888
22264513,1860
12674208,1885
12280007,1893
11695983,1872
12829602,1873
13675550,1893
12467212,1864
12896107,1901
13629177,1854
11404781,1893
12975355,1868
12574255,1874
12211605,1837
11982055,1887
13367644,1895
13011320,1852
11267077,1901
18161352,1888
11673612,1863
12955385,1890
13548586,1897
12944918,1901
12634261,1836
12128234,1890
11763078,1883
12125718,1860
22426311,1877
11700369,1880
11687876,1872
12962372,1863
13706485,1899
13140912,1892
12166184,1847
13042984,1838
13227043,1873
12442192,1867
11318977,1866
13224039,1856
13011162,1843
11383692,1824
12105079,1869
22178188,1882
13510451,1885
12546088,1857
12459178,1882
13690201,1883
11853528,1885
12171344,1826
13529221,1810
11569291,1802
15138176,1734
11540667,1825
11974732,1831
12518106,1805
15568683,1770
11588617,1814
12728858,1825
13040461,1829
13333107,1830
11658726,1827
15430911,1756
11937571,1815
11556419,1878
11556674,1852
11520346,1877
11918873,1857
13277969,1814
11621481,1830
13635129,1820
11910695,1828
13136111,1819
17274664,1881
17688383,1852
13514958,1844
12755406,1822
13077036,1816
13597360,1824
13253450,1806
15509939,1790
13194505,1829
11553929,1853
13222602,1819
13229036,1815
11340561,1814
12406023,1832
13105122,1821
12453864,1841
12170689,1835
11684230,1825
15771476,1836
12174443,1857
12152755,1862
13330436,1809
13556450,1824
13625138,1805
13397456,1828
11780297,1824
12667165,1828
13083571,1830
15566065,1609
13292706,1829
12170151,1821
22563242,1805
15509832,1790
18499098,1701
12982019,1802
12980525,1809
11788213,1828
18336655,1739
12710920,1856
11338853,1838
17684784,1900
12290034,1856
13075011,1816
13005794,1822
15508146,1790
18430045,1602
15200404,1791
13259256,1830
13027381,1807
12293638,1829
13596609,1823
11784903,1884
12155943,1866
13511302,1806
12356326,1832
15552831,1796
12291189,1816
11286510,1801
12148962,1858
13070717,1828
12190758,1845
11931676,1865
12816807,1828
13221558,1853
17613932,1842
18425911,1790
11286194,1803
12392368,1822
13043330,1826
13210643,1838
12509346,1818
12207829,1826
15508881,1790
12299252,1846
12271427,1830
18410307,1717
17694456,1859
11339500,1836
15505473,1787
13408564,1825
13143113,1829
12679390,1807
12298222,1836
12239340,1813
12309375,1816
13027886,1803
18286965,1692
12137464,1841
11914077,1822
12755658,1823
13078278,1813
13028683,1820
14988554,1787
13550704,1827
11312867,1812
13332971,1823
12428009,1828
13114454,1833
13462203,1815
11913398,1873
13661458,1824
11288125,1814
22730184,1851
11938983,1823
12802062,1822
13239859,1826
15492303,1790
11344772,1837
13327253,1829
13189383,1850
11568978,1878
15803771,1789
18395999,1632
15509481,1790
11552832,1851
13471006,1819
12161480,1838
13241731,1840
15589584,1731
13523918,1839
12138317,1873
12358710,1839
12359151,1894
11643312,1827
11688025,1834
12160975,1839
12711716,1846
12360294,1845
12000148,1826
11814852,1841
18256479,1638
12158135,1880
13073096,1816
12240864,1877
13294545,1834
12141633,1842
11592049,1814
18249428,1649
13158895,1843
11913150,1860
22555002,1826
13330404,1798
13401752,1863
12214467,1807
11739247,1803
12202212,1833
15480075,1894
13540814,1824
12861692,1840
11951722,1817
13633872,1829
13156156,1858
12151233,1874
12299832,1845
12408801,1860
11703282,1803
12424452,1828
11734618,1814
15514048,1792
11556537,1863
13532899,1858
13732370,1857
13396259,1837
11919482,1858
11795091,1821
