book_id,city_name
12163581,Stuttgart
11528967,Bruxelles
12021785,[Place of publication not identified]
22169951,Torino
11677526,Bruxelles
13672019,Paris
11338323,Antwerpen
11484566,Bruxelles
13249372,Paris
11835009,Arlon
11705027,Bruxelles
13431121,Paris
12000506,Paris
13621021,Gand
12530677,Paris
22166460,Paris
22431064,Paris
22318851,Paris
22318851,Liège
13032985,Paris
11546837,Liegnitz
12002043,Auxerre
12811648,Tongeren
22279769,Mons
22189337,Liège
11488969,London
13398939,Neuchatel
13398939,Paris
11453740,London
11453740,Paris
11453740,Melbourne
12174683,Gent
11936293,Douai
11248030,Paris
13586687,Rostock
13600878,Chartres
12244336,Firenze
11612112,Bruxelles
11765643,Genève
11817807,Brussel
12550663,Paris
11314964,Dunkerque
13448678,Paris
11359276,Paris
11898513,Mons
12044914,Boston
12291506,Frameries
12291506,Mons
11571751,Gent
11596622,Paris
11963866,Echternach
22366484,Burnoes Aires
12249033,Stuttgart
11663948,Verviers
12455258,Paris
12462123,Paris
11284879,Hamburg
11901998,Paris
13532901,Ypres
12170782,Paris
13317549,Paris
11653950,Bruxelles
13028249,Paris
13451181,Bruxelles
12445844,Gent
12738711,Paris
12934321,Paris
11741719,Bruxelles
13526073,Halle
12141073,Troyes
12362320,Clermont
22070660,Zürich
12546849,Braunschweig
11582928,Essen
12119326,Gand
11976619,Genève
13508368,Rio de Janeiro
11811190,Paris
22175409,Liège
11554054,Bruxelles
13250926,London
13457592,Paris
12753883,Paris
12019566,Paris
12156751,Paris
13533376,Yperen
13717119,Berlin
12124632,[Plaats van uitgave niet geïdentificeerd]
12579754,St-Pétersbourg
11679170,Paris
12225332,Paris
12613533,Amiens
12613533,Paris
11706359,Bruxelles
12973681,Amsterdam
12110752,Keulen
12785901,Palermo
18229749,Anvers
12567490,Moscou
11780203,Gent
11787277,Paris
11625432,Brussel
12856835,Paris
11282214,Hamburg
11620338,Bruxelles
22399230,Brugge
12154450,Bruxelles
22209024,[Lieu de publication non identifié]
11949012,Bruxelles
12144169,Bruxelles
22118173,Leipzig
13415064,La Haye
13474819,Brussel
13437733,Gent
12492120,Tournai
12153812,Bruxelles
12333664,Paris
12698433,Heilbronn
11506686,Paris
12087013,Gand
12225237,Bruxelles
11720225,Bruxelles
12996760,Paris
12436839,Bruxelles
13599034,[Bruxelles?]
12131791,Paris
11631782,Firenze
13377992,Paris
11586596,Bonn
13306387,Hannover
13308643,Bruxelles
12918565,Liége
12918565,Gand
11756111,Paderborn
13713107,[Charleroi]
12822354,Paris
11941261,Bruxelles
12506787,Berlin
17581069,[Lieu de publication non identifié]
12060389,Paris
13471807,London
12057087,Firenze
11417246,Tournay
11844795,[Lieu de publication non identifié]
12511497,Lille
13558225,Tübingen
13706653,Greifswald
12243063,Paris
11337874,Mechelen
22070468,Darmstadt
12592657,Paris
11997678,Bruxellis
22264032,[Lieu de publication non identifié]
11673033,Namur
13223670,'Sgravenhage
12576673,Paris
13416832,Paris
13459808,Torino
12852240,Brugge
11661571,Bruxelles
11661571,Gand
11661571,Leipzig
11719491,Bruxelles
11668121,Gent
12045242,Paris
11539582,Liége
11917048,Namur
12597487,Bruxelles
12096853,Nancy
22469572,Brussel
12265260,Gand
12672180,Versailles
11983077,Parisiis
12015784,Gand
11292419,Bruxelles
11773897,Bruxelles
11697149,Liége
13536860,Bruges
22266034,Namur
13549607,Paris
13712761,Bruxelles
12910698,Paris
13587933,London
11330688,Bruxelles
11330688,Paris
11330688,Bois-le-Duc
11821325,Stuttgart
12485658,Bruxelles
12485658,La Haye
12485658,Paris
12988859,Carpentras
12079295,Louvain
13655350,[Roma]
11852694,Paris
13014045,Tours
11811047,Peruwelz
12578124,Paris
13240703,Saint-Amand
13240703,Paris
11494340,Bruxelles
12020348,Paris
13139690,Paris
11999468,Paris
12090697,Bruxelles
12133634,Lille
12133634,Bruges
12517879,Namur
13456166,Braunschweig
11260850,Bruxelles
12549922,Stuttgart
12014661,Bordeaux
22121160,Washington
11590034,Louvain
11630744,Anvers
14989134,A Bruxelles
13123241,Paris
11586432,Liége
11404232,Paris
12021269,Washington
12030823,Tournai
13356738,Bordeaux
11357452,Paris
13011627,Paris
13496940,Paris
12489264,Brussel
12704852,Paris
11536087,Bruxelles
13449812,Paris
12567417,Norrkoeping
11736212,Amsterdam
11457009,Spa
12764605,Pest
13654349,Glasgow
12740989,Paris
12612067,Gand
12245718,[Lieu de publication non identifié]
13601423,La Haye
13213333,Arnhem
12336744,Barcelona
13257742,Jena
11707170,Lyon
11707170,Genève
11707170,Bâle
13741360,Chalons
13107841,Ixelles-lez-Bruxelles
13000354,Paris
12129740,Bruxelles
12378483,Paris
13657181,Londen
12059872,London
22221437,Paris
12012012,Paris
13701205,Paris
12863968,Gand
12588188,Paris
13490755,Jena
11896972,Gent
11903636,Gent
13684419,Paris
12021738,Washington
11792123,[Anvers]
11299321,Paris
12463409,[Bruges?]
12463409,[Lille?]
13410515,Paris
11428290,Lille
11306007,Paris
11664535,Paris
11664535,Valence
11664535,St-Vallier
13010298,Halle
13081040,Aachen
13683374,Bruxelles
13425348,Middelburg
13703077,Bonn
11629007,Namur
11938154,Paris
12773432,Berlin
13053049,Leyden
11333028,Huy
13492907,Paris
11685345,Bruxelles
13585152,Paris
13444966,Erlangen
13578583,Amsterdam
13100807,Doornik
11651270,Anvers
13303922,Namur
12976669,Bonn
13247643,Oxford
11690823,Namur
12040450,London
12764226,Anvers
12507840,Bonn
12667259,Lier
12636650,Santiago de Chilé
13122346,Kasan
12091637,Verviers
12088160,Paris
11994276,Paris
22292621,Bruxelles
11828894,Gand
12226629,Bruxelles
12303599,Paris
13298512,Paris
13060391,Paris
12859097,Bruxelles
13610804,Bruxelles
12311723,Köln
15551544,A Ostende
11269355,Paris
11799468,Bruxelles
13263380,Modena
12894350,Paris
12526269,Paris
13383840,Berlin
11565633,Bruxelles
13450569,Bruxelles
12024234,Gent
12680988,Tournai
15097212,[Bruxelles]
13392001,London
13025659,Rome
12743788,Liége
13277861,Bilbao
12118295,Bruxelles
11716717,Braine-le-Comte
12035742,Bruxelles
12035742,Genève
12035742,Paris
12281486,Rio de Janeiro
12748520,Bruxelles
11827004,Paris
13033181,Laon
11330764,Bruxelles
11330764,Paris
11307649,Buenos Aires
12483445,Bruxelles
12726469,London
11884002,Ancona
11670422,Paris
13122198,Paris
11716994,Gand
13367103,Paris
11673380,Bruxelles
13613519,Bruxelles
11705521,Mechliniae
12257890,Roma
12381463,St Pétersbourg
13338602,Helsingfors
11676770,Leiden
13553998,Gotha
12785113,Romans
11335078,Bruxelles
12014613,Gent
12994351,Dijon
12422803,Maldeghem
12183096,Bruxelles
12900596,Bruxelles
12070849,Paris
12144268,Namur
12511674,Bruxelles
11263218,Paris
12144122,Bruxelles
12802149,Tournai
13289123,Paris
12023321,Washington
11491384,Anvers
11846790,Liège
11645216,Leipzig
13448864,Paris
12965311,Namur
12254565,[Gent]
11612200,Bruxelles
22193759,Leiden
13472939,Bruxelles
15102782,[Brussel?
13455308,Wien
11520593,Gand
12056542,Malines
17204157,Ostende
12461056,[Bruges?]
12160563,Nancy
12136271,Roma
12136271,Napoli
11763311,Bruxelles
11834824,Paris
12285884,Paris
12344937,Rotterdam
12384864,Bruxelles
11703392,Louvain
12205107,Paris
12558486,Gent
11275038,Roma
12846755,Paris
15099949,[Plaats van uitgave niet geïdentificeerd]
12877580,Liége
12733487,Bruxelles
11451032,Paris
22262150,Paris
12735452,Aalst
17204494,Bruxelles
12650922,Deventer
12276371,Paris
13470444,Londres
12882267,Liége
12991521,Toulouse
12738805,Bruxelles
12247257,Edinburgh
11785331,Paris
12808903,Paris
13553957,Dresden
13553957,Leipzig
13065895,Cassellis
12591087,Tournai
11948317,[Plaats van productie niet geïdentificeerd]
13675903,Paris
11265805,Paris
13201798,Bruxelles
11298463,Paris
11298463,Angers
13482544,Paris
11815894,Paris
11561385,Mons
11561385,Bruxelles
11663545,Bruxelles
11294429,Berlin
12421570,Liége
13330434,Paris
22284412,Bourg
12104036,'s Gravenhage?
12557948,Paris
12351955,Paris
11320203,Paris
11559528,Bruxelles
13298538,Paris
22535080,[Lieu de publication non identifié]
12349849,Luik
11451427,Frankfurt a. M.
13056281,Bruxelles
12751346,Roulers
12751346,Bruxelles
11466698,Gent
11633611,Bruxelles
11266800,Wien
15459004,Hannoverae
12239177,Gand
12454692,Bruxelles
12283343,Bordeaux
12627702,Liége
11967791,Anvers
22181165,Paris
12400940,Romae
13703599,Paris
12227668,Paris
12072621,Bruxelles
12990221,Poitiers
12829332,London
12829332,Edinburgh
11396037,Bruxelles
11273289,Berlin
11560681,Tournai
12338360,Paris
13054437,Gand
11703964,Gand
13704834,Paris
11697764,Paris
12296218,Besançon
13003804,Paris
11590012,London
11720268,Bruxelles
12058098,Bruxelles
12632936,London
12550887,Stuttgart
13696584,Madrid
11330298,Antwerpen
11611745,Anvers
13717323,Wien
11644831,Antwerpen
11346573,Budapest
15101604,[Bruxelles?
12023839,Washington
12803306,Bruxelles
11952551,Metz
11268495,Bruxelles
12836886,Napoli
12564913,Paris
12683251,Gand
12365825,Venetië
12365825,Padua
12365825,Bologna
11937871,Lipsiae
11604067,Bamberg
11764270,Antwerpen
12265369,Bruxelles
12104394,Mons
12293803,Paris
12788919,Paris
12258111,Paris
12812277,Paris
12894945,Lille
12894945,Paris
12894945,Rome
11666962,Namur
22069960,Reims
22358131,Paris
13671584,Berlin
13300919,Leipzig
11996353,Bruxelles
13117265,Berlin
12922900,Paris
12492717,Gand
13611649,Bruxelles
13351223,Paris
11425201,Fontenay-le-Comte
11740099,Gent
12280355,Mons
13309704,London
12499091,Paris
12239451,Paris
12053858,Abbeville
12112001,Milan
13464659,Paris
13227343,Pamplona
11812790,Corbeil
11506792,Paris
12606472,Gand
11788277,Bruxelles
12365339,Gent
11317855,Leipzig
13717014,St. Petersburg
13584893,Cambrai
12203112,Lierre
12203112,Anvers
13231200,Leipzig
11279101,Hamburg
13506067,Montevideo
13062997,Trieste
13062997,Berlin
22175410,Paris
11267129,Paris
12621355,Tongeren
12742290,Gent
13278659,Leipzig
13600018,Paris
12818721,Bruxelles
22431079,Paris
11855462,Braine-le-Comte
11855462,Paris
11855462,Méjico
13617662,Trieste
22097645,London
12715640,Bruxelles
12856440,Anvers
12656353,Mexico
11915638,Torino
11317498,Agen
13477972,London
12643417,Napoli
12649927,Paris
13624618,Liége
13387842,Paris
11819890,Rousselare
11709058,Brugge
11614986,Bruxelles
11614986,Paris
11643811,Bruxelles
12244736,Roma
12094560,Paris
12132265,Bruxelles
13026140,Paris
13303134,Paris
11460952,London
11826744,Antwerpen
12318712,Lille
12318712,Paris
11441066,Bruxelles
11441066,Paris
11434602,Bruxelles
11390557,Bruxelles
11287982,Paris
12387377,Paris
22335868,Mechelen
22222722,Freiburg im Breisgau
12274354,Bruxelles
12864338,Liège
12259308,Rousselaere
13688725,[Bruxelles]
11995035,Paris
22158188,Paris
13660843,Paris
12250822,Bruxelles
13366413,Paris
13022899,Paris
13732372,Paris
13315470,Tokio
13277408,Leipzig
13576247,Leipzig
12953482,Lille
11587924,London
12995500,Paris
11455723,Lipsiae
12931360,Torino
11274099,Hamburg
12608292,Kopenhagen
13602698,Bruxelles
11790375,Montpellier
22233517,[Bruxelles]
12380724,Paris
17476855,Liège
15099272,Bruxelles
12766129,Paris
13043449,London
13043449,Paris
12552057,Bruxelles
12124699,Paris
13113109,Nürnberg
12055527,Trier
12349545,Liège
12349545,Lyon
12349545,Paris
13649026,Lisboa
11777063,Verviers
13685393,Mons
12384903,Bruxelles
13051038,Digne
12521836,Lima
12444244,Torino
12795055,Anvers
12573485,Leipzig
12692604,Paris
12661460,Paris
12661460,Metz
12056843,Berlin
11374094,London
11374094,Paris
11374094,Melbourne
11989289,Parisiis
12100943,Utrecth?
11754516,Braunschweig
13648732,Coimbra
11286952,Berlin
11731905,Berlin
17026797,Lille
11606178,Gent
13132164,Bruxelles
12120418,Tournai
11504614,Dendermonde
11320872,Bruxelles
11320872,Liège
13532624,Ypres
13317862,Madrid
13707247,Marburg
12211072,Bruxelles
12054631,Bruxelles
13426669,Tournai
13498116,Paris
13681452,Paris
11609478,Mons
12393048,Charleroi
12521959,Bruxelles
12756734,Antwerpen
12944200,Paris
11837033,Bruxelles
12398469,Roma
13656219,Mons
12922933,Paris
12132733,Paris
12830674,St.-Pétersbourg
11493695,Mons
13696100,Leipzig
12227120,Firenze
12504828,Paris
11841367,Paris
11449003,Tübingen
11436804,Bruxelles
13560173,Mézières
12262514,Gand
11957020,Louvain
11957020,Bruxelles
12045646,Bruxelles
12984328,Paris
12138337,[Paris?]
11767356,Anvers
12170331,Paris
13464625,Paris
12217172,Rome
11811220,Bruxelles
13481292,Praga
13350367,Paris
12126392,Gent
11900402,Firenze
12264611,Leuven
22111343,Cassel
12034997,Louvain
11518224,Huy
11518224,Paris
11448868,Paris
12332549,Paris
12582186,Paris
13702261,Paris
13210012,Paris
22099729,Hasselt
12111076,Tours
12364974,Lierre
13602008,Anvers
13514261,Madrid
12653326,Paris
22239173,Leipzig
12451844,Haarlem
12451844,Paris
13134569,Paris
13355409,Paris
12235763,Dijon
12805836,Paris
11697487,Paris
13498850,Paris
12360425,Paris
12352873,Gent
12877293,Bruxelles
13648179,Bruxelles
22250149,Paris
12754923,Bruxelles
11957850,Louvain
12260702,Bruxelles
13288613,Paris
11842610,Antwerpen
12738269,Bruxelles
13278581,Bruxelles
12559570,Palermo
11939495,Prato
12101977,Antwerpen
12527847,Bruxelles
11664391,Châlons-sur-Marne
13698132,Clermont-Ferrand
13698132,Paris
13028209,Falaise
13221334,London
11661612,Bruxelles
12454260,Tours
11654399,Bruxelles
13434965,Paris
12841004,Mons
11717077,Bruxelles
13604492,Bruxelles
12055380,Bruxelles
12608659,London
12457043,Bordeaux
12040415,Bruxelles
12586168,Marseille
12586168,Paris
12807640,Paris
22418918,Haarlem
12238472,Heidelberg
12238472,Paris
22120643,Genève
12021710,[Place of publication not identified]
13649323,Lisboa
12555624,Namur
22091068,Chalons-sur-Marne
13436304,Paris
12614108,Modena
11278860,Hamburg
22069439,Köln
13664296,Paris
11700409,Gand
12840898,Brussel
12168641,(Belgique)
13116535,Lyon
12929945,Paris
13482931,Lipsiae
12664581,Bruxelles
22174649,Paris
12772400,Tournai
12772400,Paris
12772400,Leipzig
12099512,Anvers
12397599,Gand
12167526,Weimar
11688120,Bruxelles
11716408,Stuttgart
13254176,London
11424504,Heidelberg
13372664,Paris
12721536,Gent
11959386,Paris
17160611,Paris
17160611,Lille
17160611,Tournai
12458887,Paris
12438570,Bruxelles
22288578,Bruxelles
13711195,Paris
22049585,Paris
12716699,Paris
12997037,Rennes
12060019,London
12426647,Namur
11654251,Padova
13592894,Bruxelles
13592894,Gand
13592894,Liège
13592894,Mons
11458675,Verona
11490274,Amstelodami
13435384,Lausanne
13435384,Paris
12337450,Tournai
12582726,Nancy
13475369,London
12798559,Paris
12663557,Paris
12439258,Paris
11689390,Cambrai
12638220,Paris
11908570,Gent
11489462,Leipzig
12757785,Louvain
11618572,Edinburgh
12512186,Gand
13365636,Paris
13651604,Paris
11579777,Arlon
13725989,Stuttgart
22264513,Anvers
12674208,Paris
12280007,Brussel
11695983,Paris
12829602,Paris
13675550,London
12467212,Milano
12896107,Bruxelles
13629177,Bruxelles
11404781,Leiden
12975355,Paris
12574255,Paris
12211605,Dresde
11982055,Paris
13367644,London
13011320,Trier
11267077,Paris
22170679,Douai
18161352,Tournai
11673612,Paris
12955385,Lisbonne
13548586,Paris
12944918,Bruxelles
12634261,Philadelphia
12128234,Bruxelles
11763078,Liége
11763078,Bruxelles
12125718,Paris
22426311,Paris
11700369,Bruxelles
11687876,Ruremonde
12962372,[Lieu de publication non identifié]
13706485,Marburg
13140912,Strasbourg
12166184,Andenarde
13042984,St Gallen
13227043,Barcelona
12442192,Karlsruhe
11318977,Paris
13224039,Milano
13011162,Bordeaux
11383692,Lyon
12105079,Bruxelles
22178188,Vitoria
13510451,Madrid
12546088,Hannover
12459178,Lausanne
13690201,Paris
11853528,Bruxelles
12171344,Marburgi-Cattorum
13529221,Ieper
11569291,Freiberg
15138176,[Brussel]
11540667,Paris
11974732,Tournay
12518106,Paris
15568683,Bruxellis
11588617,Paris
12728858,Paris
13040461,Bruxelles
13333107,Paris
11658726,Tolosa
15430911,A Bruxelles
11937571,Paris
11556419,Bruxelles
11556674,s' Gravenhage
11520346,Leipzig
11918873,Bordeaux
13277969,Roma
11621481,Bruxelles
13635129,Paris
11910695,Paris
13136111,London
17274664,Paris
17688383,Liége
13514958,Wolfenbüttel
12755406,Mons
13077036,Paris
13597360,Paris
13253450,Leipzig
15509939,[Bruxelles?]
13194505,Bruxelles
11553929,Bruxelles
13222602,Paris
13229036,Milano
11340561,Bruxelles
12406023,Roma
13105122,St-Pétersbourg
12453864,Mons
12170689,Heidelberg
11684230,Paris
15771476,(Paris
12174443,Paris
12152755,Bruxelles
13330436,Valenciennes
13556450,Paris
13556450,Bonn
13625138,Viennae
13397456,Bruxelles
11780297,London
12667165,Paris
13083571,Paris
15566065,[Plaats van uitgave niet geïdentificeerd]
13292706,Paris
12170151,London
22563242,St Pétersbourg
15509832,A Bruxelles
18499098,Bruxellis
12982019,Francofurti ad Maenum
12980525,Leipzig
12980525,Rostock
11788213,Bruxelles
18336655,Tot Brussel
12710920,Paris
11338853,Wien
17684784,[Bruxelles
12290034,St Ghislain
13075011,Paris
13005794,Soest
15508146,[Lieu de publication non identifié]
18430045,En Brucelas
15200404,A Paris
15200404,et se vend a Bruxelles
13259256,Paris
13027381,Genève
12293638,Paris
13596609,Paris
11784903,Bruxelles
12155943,Bruxelles
13511302,Bruxelles
12356326,Paris
15552831,A Bruxelles
12291189,Paris
11286510,Amsterdam
12148962,Paris
13070717,Paris
12190758,Alais
11931676,Wien
12816807,Paris
13221558,Gent
17613932,Bruxelles
17613932,Paris
17613932,(Anvers
18425911,[Lieu de publication non identifié]
11286194,Amsterdam
12392368,Paris
13043330,Batavia
13210643,Rome
12509346,Paris
12207829,Paris
15508881,[Bruxelles?
12299252,Bruxelles
12271427,Napoli
18410307,"Herdruckt, tot Brussel"
17694456,Namur
11339500,Breslau
15505473,En Brabant
13408564,Paris
13143113,Pisa
12679390,Paris
12298222,Bruxelles
12298222,Paris
12239340,London
12309375,Liège
12309375,Paris
13027886,[Salzbourg
18286965,Tot Brussel
12137464,[Belgique]
11914077,Lundae
12755658,Mons
13078278,Paris
13028683,Berlin
14988554,A Paris
14988554,et se trouve à Bruxelles
13550704,Purmerende
11312867,Lyon
13332971,Paris
12428009,Bruxelles
13114454,Genève
13462203,London
11913398,Bordeaux
13661458,London
11288125,Paris
22730184,Bruxelles
11938983,London
12802062,Paris
13239859,Paris
15492303,Bruxelles
11344772,[Bruxelles?]
13327253,Gand
13189383,Bruxelles
11568978,Bruxelles
15803771,A Paris
15803771,et se trouve a Bruxelles
18395999,Bruxellis
15509481,[Lieu de publication non identifié]
11552832,A Bruxelles
13471006,Gand
12161480,Paris
13241731,Paris
15589584,[Brussel?
13523918,Brussels
12138317,Liége
12358710,Paris
12359151,Antwerpen
11643312,Bruxelles
11688025,Ath
12160975,Paris
12711716,Gand
12360294,Paris
12000148,Paris
12000148,Torino
11814852,Reims
18256479,Bruxellae
12158135,Paris
13073096,Paris
12240864,Paris
13294545,Mons
12141633,Courtrai
11592049,Aachen
18249428,Bruxellae
13158895,Caen
11913150,Cherbourg
22555002,Paris
22555002,[Paris]
13330404,Genève
13401752,Tours
12214467,Orléans
11739247,Avignon
12202212,Paris
15480075,Paris
13540814,Bruxelles
12861692,Grenoble
11951722,Paris
13633872,Paris
13156156,Bruxelles
12151233,Paris
12299832,Paris
12408801,[Italië?]
11703282,Melano
12424452,Bruxelles
11734618,Gent
15514048,[Lieu de publication non identifié]
11556537,Madrid
13532899,Rouen
13732370,Ludwigsburg
13396259,Milano
11919482,Paris
11795091,Paris
