book_id,title
11528967,Anneessens
12021785,The Austin-Topolovampo
22169951,La Logica
11677526,Économie politique et sociale
13249372,Mes souvenirs sur Napoléon
11835009,Calculateur général de la solde proprement dite et de la masse d'habillement
13431121,La Napoliade
12000506,Recherches sur les épopées romanesques des Troubadours
13621021,Histoire de la constitution de la ville de Louvain au moyen âge
22431064,Napoléon III
22318851,Cours de droit civil professé à l'université de Liège
13032985,La France en 1850
11546837,"Etudes sur la vie et les mémoires de Philippe de Commines, Seigneur d'Argenton"
12002043,Nouvelles recherches sur la fête des Innocents et la fête des Fous qui se faisaient dans les églises et notamment dans celle de Sens
22279769,Une ascension aérostatique à Mons
22189337,Les puits artésiens de la Flandre
11488969,The adventures of my grandfather
13398939,Revue des patois gallo-romans
11936293,Château de la Motte-au-Bois
13586687,Die Entstehung des socialen Problems
11765643,Pourquoi un plebiscite?
11817807,Vlaemsche Commissie
11314964,Notice historique sur Zuydcoole
13448678,"L'arithmétique élémentaire, traitée simplement"
12044914,"Memorial of Nahum Capen, of Boston, Massachusetts, on the subject of International Copyright"
11571751,"De twee vondelingen, drama in vijf bedrijven"
11596622,Du pouvoir Spirituel dans ses rapports avec l'état
11963866,Bollendorf et ses environs
22366484,Valores Postales Argentinos
11663948,Réponse d'un démocrate verviétois
12455258,Amante et mère
12170782,Le parfum de Rome
13317549,Physiologie du Robert Macaire
13451181,La question des cuirasses dans la défense des côtes
12738711,Georges Cadoudal et la Chouannerie
12934321,"Vision d'Hebal, Chef d'un Clan Écossais"
11741719,"Souvenirs personnels (1824-1841) et correspondance diplomatique de Joseph Lebeau, publiés avec une préface historique"
13526073,Beiträge zur Morphologie der Amaryllideen
12362320,Les Quatres Coins
22070660,Die Deutscher Mystiker des vierzehnten und fünfzehnten Jahrhunderts
12546849,Lehrbuch der reinen und technischen Chemie
11582928,Der Westbau des Münsters zu Essen
12119326,Het eerste wetenschappelijk onderwijs
11976619,Grammaire Musicale ou Théorie des Principes de Musique
22175409,"Mémoire pour Mr Antoine Rally, gentilhomme Anglais, domicilié a Liège contre Mr Jacques-Bernard-Joseph Bellefroid commissionnaire en fonds et effets"
13457592,Victor Hugo après 1852
12753883,L'archéologie préhistorique
12019566,La Liberté Spirituelle et Traités Religieux
12156751,"Mémoire sur le Zelkoua, Planera Crenata"
13533376,Verslag over de werk-zaamheden gedurende het bestuurjaar 1868-1869
13717119,"Versuch einer Entwicklung der Sprache, Abstammung, Geschichte, Mythologie und bürgerlichen Verhältnisse der Liwen, Lätten, Eesten (...)"
12124632,"De fakkel van het ouden en alleen waer geloof, opgedragen aen den Hoogweirdigsten Heer Mijn Heer Govardus Gerardus Van Eersel, XVI, Bisschop van Gend, Graeve van Everghem ec. ec. ec"
12579754,Le Bresil à l'exposition internationale de St.-Pétersbourg 1884
11679170,"Projet de loi sur les conseils généraux et les conseils municipaux,"
12225332,Histoire du matérialisme et critique de son importance a notre époque
12613533,Sur les Graveurs des Inscriptions Antiques
11706359,Recueil des lois et arrêtés sur les pensions civiles et ecclésiastiques et des arrêtés spéciaux concernant la caisse des pensions des veuves et orphelins des fonctionnaires et employés du Département de l'Intérieur
12973681,"Handboek der Landen Volkenkunde, Geschied-, Taal-, Aardrijksen Staatkunde van Nederlandsch Indie"
12110752,Novum Testamentum Graece
12785901,Catalogo ragionato dei libri di prima Stampa
11787277,"Statistique des Lettres et des Sciences en France, Institution et Etablissemens Littéraires et Scientifiques"
12856835,A propos de la nouvelle vie de Jésus
22209024,L'Intermédiare
11949012,Les expériences de tir de Bucharest
22118173,Die Welt als Wille und Vorstellung
13415064,Recueil des Traités et Conventions conclus par le Royaume des Pays-Bas avec les Puissances étrangères depuis 1813 jusqu'à nos Jours
13437733,De minderjarigheid in haer gansch tydvak voorgedragen
12492120,Sur l'orientation des sépultures franques
12153812,Description des locomotives Stephenson
12333664,"Histoire du Journal ""la Mode"""
11506686,Les armes à feu portatives se chargeant par la culasse
12087013,Classification de 160 Huiles et Graisses Végétales
12225237,La reine Alèna
12996760,"Droit romain des moyens de mettre fin à l'indivision d'une hérédité et des effets du partage, à Rome. Droit français du caractère et des effets du partage dans le droit français, ancien et moderne"
13599034,"Biographie de Jacques Jonghelinck, sculpteur, graveur de sceaux et de medailles, etc."
11631782,Nuova Guida Ovvero Descrizione Storico-Artistico-Critica della Città e Contorni di Firenze
13377992,Mémoires d'anthropologie
13306387,Untersuchungen über die Glaubwürdigkeit der altrömischen Geschichte
12918565,Précis d'histoire contemporaine de Belgique
13713107,La mère de Don Juan
12822354,Traité de la Science des Finances
17581069,Les grandes armoiries du Duc Charles de Bourgogne
12060389,De la peine de mort
11417246,La belgique en dix-huis cent cinquante-deux
11844795,Conseil provincial du Hainaut. Session de 1843
12511497,Les archives départementales du Nord pendant la Révolution
12243063,"Etudes Economiques, Politiques et Littéraires"
12592657,Mémoires de l'Académie Impériale de Médecine
11997678,"Carmen Saeculare Belgicum (1879-1887). Summo Pontifici Leoni XIII, occasione Suae Sanctitatis a sacro presbyteratu anniversarii quinquagesimi oblatum dedicatumque"
22264032,Anvers & la nationalité Belge
11673033,De la suppression du péage de l'Escaut
13223670,Aanteekeningen betreffende eene reis door de Molukken
12576673,Ambroise Paré d'après de nouveaux Documents découverts aux Archives Nationales et des Papiers de Famille
13416832,Dictionnaire de procédure civile et commerciale
13459808,Lo studio generale a Mondovi (1560-1566)
11661571,Inventaire général analytique des archives de la ville et de l'église primaire de Saint-Nicolas (Waes)
11719491,"Commentaire de la loi du 18 avril 1851 sur les faillites, banqueroutes et sursis"
11668121,"De Aftocht van Moscou, of lotgevallen van een Belgisch soldaat in Rusland"
12045242,Bulletin de l'Association littéraire internationale
12597487,Le parc de Bruxelles
12096853,Journal de la Société d'archéologie et du Comité du musée Lorrain
22469572,Leesboekje voor onze vlaamsche scholen
12265260,Élans du coeur
12672180,"Généalogie historique, anecdotique et critique de la maison Du Prat"
12015784,Le codex bruxellensis
11292419,Congrès général d'hygiène de Bruxelles
11773897,Le crime du 4 septembre
11697149,Épilepsie et autres maladies nerveuses
13536860,Une page d'histoire de l'ancien couvent des FF. Mineurs Capucins de Bruges
22266034,D. O. M.
13549607,Oeuvres et correspondance inédites de J. J. Rousseau
13712761,"Joyeuse entrée et inauguration de l'archiduc Charles à Anvers, en 1515"
12910698,Constitution de l'espace céleste
13587933,Catalogue of works of industrie and art sent from Sweden
11330688,Le bienheureux Jean Berchmans de la compagnie de Jésus
12988859,De la Lésion à l'Egard des Mineurs dans le Droit Romain et dans le Droit Français
12079295,Cours d'accouchements
13655350,"Alumni pontificii collegii Urbani de propaganda fide, anno 1859"
11811047,Arthur de Cantorbry et Jules Péronnet
12578124,Histoire du Roi de Rome (Duc de Reichstadt)
13240703,Doctrine de la Nouvelle-Jérusalem sur l'Écriture Sainte
11494340,Exposition des académies et écoles des beaux-arts et congrès de l'enseignement des arts du dessin
12020348,Voltaire au Château de Cirey
13139690,Le Cardinal de Richelieu
11999468,Art poétique d'Horace
12090697,Simples lectures préparant à l'étude de la géographie
12517879,Poésies chrétiennes
11260850,Le prince des prosateurs
12549922,Die Schwestern
12014661,"Livres payés en vente publique 1000fr et au-dessus, Depuis 1866 jusqu'à ce jour aperçu sur la vente Perkins à Londres"
22121160,Memorial addresses on the life and character of Michael Crawford Keer
13123241,Notice sur les travaux scientifiques de M. Oechsner de Coninck
11586432,Société libre d'Émulation de Liège.
11404232,Epitre à Monsieur Bouniol de Saint-Geniez
12021269,The New American Practical Navigator
12030823,"Analyse alphabétique des lois, ordonnances et règlements généraux de police en vigueur en Belgique"
12704852,1815
11536087,Au bagne
13449812,Traité complet de l'anatomie des animaux domestiques
11457009,Guide to Spa
12764605,Sprachlehre um nach Ollendorff's Methode mittelst Selbstunterricht in der fürzeft möglichen Zeit (...)
13654349,A roll of the graduates of the University of Glasgow from 31st December 1727 to 31st December 1897
12740989,Traité de la génération des animaux
12612067,Collégiale de Sainte Pharaïlde à Gand
12245718,Notice sur deux monuments anciens
13601423,Rembrandt Harmens Van Rijn
13213333,Registers op het archief
12336744,Certamen literario que para conmemorar el segundo centanario del fallecimiento del dramatico insigne D. Pedro Calderon de la Barca celebraron la Universidad de Barcelona y el instituto provincial de 2.a enseñanza el dia 25 de Mayo 1881
11707170,Muséum des sciences naturelles de Lyon
13741360,Cazin
13107841,Lettres sur L'Adriatique et le Monténégro
13000354,Bibliothèque archéologique
12129740,La guerre privée dans le comté de Hainaut aux treizième et quatorzième siècles
12378483,"Ceremonies des gages de bataille, selon l'ordonnance de Philippe le Bel"
13657181,On the historical antiquity of the people of Egypt
12059872,The debate on the motion for the second reading of the bill on Capital Punishment abolition
22221437,Le protectionnisme
13490755,Handlerifon zu den Quellen des römischen Rechts
13684419,Contes et nouvelles de La Fontaine
12021738,Table of land grant railroads
11792123,Réclamation contre les décrèts sur l'exercice de la police extérieure des cultes présentée à l'Administration centrale du département des deux Nèthes par les curés d'Anvers
11299321,Poésies champêtres d'Horace
13410515,Histoire des corps de troupe
11428290,Rapport sur une communication de documents
11306007,Oeuvres de Vergniaud - Guadet - Gensonné
11664535,Cartulaire de Saint-Vallier
13010298,Das Theseion und der Tempel des Ares in Athen
13081040,"Das ehemalige Spitalzum h. Jacob, nachher klarissen Kloster"
13703077,Handbuch der deutschen Mythologie mit Einschluss der nordischen
11629007,"Analyse et Extraits de Quelques Pièces des Meilleurs Auteurs Dramatiques Français, suivis d'Esther et d'Athalie"
13053049,Systematische beschrijving der dieren
13492907,Dictionnaire grec-français
13444966,Richard von St Victor und Joannes Ruysbroek
13578583,Geologische Beschrijving van Java en Madoera
11651270,L'Australasie
13303922,Beknopte natuurgeschiedenis (dier- en plantenkunde)
12976669,Katalog des Königl rheinischen Museums vaterländischer Alterthümer
12507840,Beitrag zu einer wissenschaftlichen Grundlage für etymologische Untersuchungen auf dem Gebiete der französischen Sprache
12667259,Moedertaal
12636650,Oras completas
13122346,Triton und Euphemos oder die Argonauten in Lybien
12091637,La grande Catherine
12088160,Pierre Gringore et les Comédiens Italiens
11994276,Andrée
12226629,"Lectures choisies. La Belgique pittoresque, monumentale et littéraire"
12303599,Réponse à l'examen critique de M. Stanislas Julien
13298512,Guide médical des Antilles et des régions intertropicales
12859097,Les agrandissements d'Anvers en 1549
13263380,Dinamo-magnetometro
12894350,De l'architecture contemporaine
12526269,Adolphe
11565633,Leçons de Choses en Français et en Néerlandais / Aanschouwelijke Lessen in het Fransch en in het Nederlandsch
12024234,Geschiedenis van de Gelukzalige Margaretha-Maria en den Oorsprong der Devotie tot Jesus' Hart
12680988,Syntaxe latine abrégée
15097212,"Discours Adressé à Messeigneurs les Etats du Brabant, en leur Assemblée. Le 17 juillet 1787"
13392001,Bibliotheca Lindesiana
13025659,Vita di S. Luigi Gonzaga della Compagnia di Gesu
12035742,Anathème à la Guerre!
12281486,Catalogo da Bibliotheca Municipal
12748520,La nationalité des Ubiens
13033181,Socialisme égalitaire
11330764,Recueil de Jurisprudence Notariale
12726469,History of the regency and reign King George the fourth
11884002,La Caverna ossifera di Frasassi
11670422,Mémoires d'un bourgeois de Paris
11716994,Étude sur les divers systèmes de serres
13367103,La photographie appliquée à l'archéologie
13613519,Mémoire sur l'organisation de l'enseignement moyen
12257890,La Badia o trappa di Casamari nel suo doppio aspetto monumentale e storico brevemente descritta
12381463,Hommage à la mémoire de la princesse de Liévin
11676770,Die Papageien
13553998,Das herzogliche Kunstkabinet zu Gotha
12785113,Nécrologe et cartulaire des Dominicains de Grenoble
12014613,De Bedelares van Saint-Eustache of de Wroeging
12994351,"Droit romain, de la preuve littérale. Droit français, de la force probante de l'acte notarié"
12422803,België en de Kongo
12183096,La fin de la littérature classique allemande et la jeune Allemagne
12144268,Cours complet d'économie domestique et d'alimentation
12511674,Leçons de trigonométrie sphérique
12023321,"Preliminary report upon invertebrate fossils collected by the expeditions 1871, 1872, and 1873"
11491384,De Arme Schoolmeester. Oranje in de Kempen.
13448864,"Programme détaillé du cours complet de mathématiques élémentaires,"
22193759,Aardrijksundige beschrijving van Midden-Sumatra
13472939,"Glossaire roman des Chroniques rimées de Godefroid de Bouillon, du Chevalier au Cygne et de Gilles de Chin"
13455308,Bestimmungen über Handel and Schifffahrt der Vereinigten Staaten von Nord Amerika
11520593,Abdication de Charles-Quint
17204157,Congrès international de thalassothérapie
12136271,Il fanciullo alla Cresima
11763311,Les véritables causes de la guerre
12285884,Les Druides
12384864,Le livre des visions et instructions de la Bienheureuse Angèle de Foligno
11703392,"Courage, St-Père, courage!"
12558486,De heilige Rosa van Viterbië
12846755,L'Art Chrétien et l'Ecole Allemande
15099949,"Aen Myne zeer Eerweêrde Heeren die Raedslieden, Litmaeten van den Souvereynen Raede Van Brabant, actuelyk binnen de Stad Antwerpen residerende"
11451032,L'ombre de la marquise de Créquy
22262150,L'apocalypse et Rome papale
17204494,"Compte-rendu du Congrès international colonial, sous le haut patronage de S. M. le Roi des Belges"
12650922,Deventer's oudste Stadrecht (1448)
12276371,Notice sur la grande carte topographique de la France dite carte de l'état-major
13470444,Simples esquisses de la guerre
12991521,"Du droit de préférence entre créanciers hypothécaires, en droit romain et en droit français"
11785331,"Histoire de Jeanne d'Albret, Reine de Navarre"
12808903,Histoire du prince royal duc d'Orléans
13553957,Das Grüne Gewölbe in Dresden
12591087,De sacramentis in specie
11948317,Bemerkungen über ein Paar Schlesische Säughthierarten (...)
11265805,Les fastes de Versailles
11298463,Inventaire analytique des archives anciennes de la mairie d'Angers
13482544,"Oeuvres oratoires de Challemel-Lacour, de l'académie française"
11815894,Voyages dans l'Amérique septentrionale
22284412,Droit romain ; Origine de l'Action en garantie d'éviction
12104036,"Verslag van het bestuur der afdeeling 's Gravenhage van de vereeniging Nederlandsche Mettray, over 1854"
12557948,Vingt Années de République Parlementaire au Dix-Septième Siècle
12351955,La Jeunesse et l'évangile
11320203,Histoire de la Littérature Italienne
11559528,"Léopold Ier et Léopold II,"
22535080,La collezione litologica che con tanto amore e squisitezza di gusto va facendo da molti anni il Signor de Meester (...)
11451427,Deutsches bürgerthum im mittelalter
12751346,La croix et l'autel dans tous les temps et dans l'éternité
11466698,Geschiedenis der stad en kastelnij van Veurne
11633611,Congrès de la paix universelle
11266800,Der Selige Petrus Canisius
12283343,Du redressement et de l'immobilisation dans le traitement des tumeurs blanches des membres
12627702,Les lois belges à la portée de tous
12400940,Petri Caprano S. R. E. Cardinalis Laudatio funebris
12227668,Aperçus sur quelques détails de la guerre
12990221,De l'Acquisition des Fruits en Droit Romain et en Droit Français
12829332,Mary Queen of Scots and Her Marriage with Bothwell
11396037,L'Eglise Essénienne au Clergé Romain
11560681,Généalogie de la famille Courcol dite de Bailliencourt
13054437,"Histoire de la gilde souveraine des couleuvriniers, arquebusiers et canonniers, dite chef-confrérie de Saint Antoine, à Gand"
11703964,"Mémoire justificatif pour MM. Prosper Thuysbaert, Edouard Louvau, François De Poorter, Charles Louis Van Damme, Edouard Vanden Abbeele et Alphonse Vanden Abbeele, tous à Lokeren"
11697764,La vie arabe et la société musulmane
12296218,Étude sur l'état des rapports des domestiques et des maîtres et sur les moyens d'améliorer ces rapports
11720268,Wiertz
12058098,De la Trinité antique et du droit de vie et de mort
12632936,"Life of Beato Angelico da Fiesole, of the Order of Friar-Preachers"
13696584,La botanica y los botanicos de la Peninsula hispano-Lusitana
11611745,Le curé politique
13717323,Magyarische Grammatik
11644831,De maetschappy voor tael en kunst
15101604,"De Bruxelles, le 12 février 1789. L'Empereur ayant été informé que son Conseil de Brabant, sur la réquisition des Etats de cette Province, avoit rendu, pendant le courant des mois de mai & de juin 1787, plusieurs décrets aussi attentatoires à la Souveraineté de S.M. que contraire aux regles inviolables ..."
12023839,"Laws, by-laws and rules and regulations of the reform-school of the district of Columbia"
12803306,Les craies grises phosphatées dans la métallurgie de l'acier Thomas et Gilchrist
11952551,Considérations sur la Monnaie de l'Epoque Romane et Description de quelques Triens Mérovingiens
12836886,Ragionamento
12564913,Traité des maladies de l'utérus et de ses annexes
12683251,Beknopt etymologisch woordenboek der nederlandsche taal
12365825,Storia documentata di Carlo V
11937871,Liber memorialis
11604067,"Kurzer Unterricht zur Erziehung der Obstbàume, Küchen-Handels-und Arzneigewächse, besonders in Industrie-Gärten"
12104394,"De La part que la société des Sciences du Hainaut à prise à l'érection de la statue d'Orlande de Lassus, célèbre compositeur montois"
12293803,"Bombe lumineuse, ou abolition de la contrainte par corps"
11666962,Eléments de géométrie par A.-M. Legendre.
13671584,"Mathematik, Zeichnenkunst Physik und Chemie in ihrer Anwendung und Beziehung auf die praktische Gärtnerei"
11996353,Les catacombes romaines
13117265,Ueber die Lehrmethode Schleiermacher's
12922900,Description de plusieurs fiertons ou poids monétaires de quelques anciennes monnaies d'or françaises
12492717,Tableaux synoptiques pour faciliter l'étude de la syntaxe latine de J. Gantrelle
13611649,Distribution solennelle des prix aux élèves de l'Athénée le 17 août 1845
13351223,Essais (et nouveaux Essais) de Psychologie contemporaine
11740099,Lessen over natuurwetenschap
12280355,Théorie mécanique de la chaleur
13309704,The schoolmaster
12053858,Vie illustrée de Garcia Moreno
13464659,Extrait du dictionnaire biographiques des hommes du nord
13227343,El Derecho de la Guerra conforme à la moral
12606472,Catalogue des tableaux
11788277,Les ophidiennes (scènes de la vie moderne)
12365339,"Beknopte uitlegging der Staatswetten, grondwet, provincie- en gemeentewet"
11317855,Iconographia mariana
13717014,Versuch einer Koibalischen und Karagassischen Sprachlehre nebst Wörtervetzeichnissen aus den tatarischen Mundarten des Minussinschen Kreises
13584893,Les sept merveilles du Cambrésis
12203112,Arithmétique pratique à l'usage des écoles primaires et moyennes
13506067,Dogma socialista de la Associacion Mayo
13062997,Mittheilungen aus dem Gebiete der Numismatik und Archaeologie / Notizie peregrine di numismatica e d'archeologia
11267129,Voyage en terre sainte
12621355,Tooneelstukken
22431079,L'inauguration de l'Empire Libéral. Le Roi Guillaume
11855462,"Eustaquio, episodio de los primeros tiempos del cristianismo, seguido de algunos cuentos escogedos"
13617662,"San Girolamo, il dottore massimo, dimostrato evidentemente di patria istriano"
22097645,Eight report of the science and art department of the committee of council on education
12715640,Sur les distances moyennes à la côte dans les océans
12856440,La quinte-essence sociale
12656353,Juarez et César Cantu
11915638,Memoria geo-zoologica sugli Echinidi fossili del contado di Nizza
11317498,Recherches historiques sur la ville et les anciennes baronnies de Tonneins
13477972,Narrative of an expedition to explore the river Zaire
13624618,A toutes les gloires de l'ancien pays de Liége
13387842,Leçons nouvelles de Cosmographie
11819890,Modellen en opgaven van brieven
11709058,"De Helle, een punt van ons geloof"
11614986,L'ingénieur-conseil a l'Exposition de Paris 1878
11643811,Réflexions morales ou maximes à suivre pour être heureux
12094560,Recherches sur la bibliothèque du Grand Condé
13026140,La Migration des Symboles
11460952,Lives of british statesmen
11441066,Balistique
11434602,Guide officiel de la correspondance télégraphique
11390557,"Vie et mort édifiantes de Monseigneur Auguste-Denis Affre, archevêque de Paris"
12387377,Théorie des sciences
22335868,Theologia moralis generalis
22222722,Allgemeine Zustände des deutschen Volkes
12864338,De la dérivation de la Meuse
13688725,Contribution à l'étude de l'alimentation de l'Homme et des anthropomorphes
13660843,Le dernier amour de Ronsard
12250822,"Aide-mémoire. Trois cent trente cinq formules mnémotechniques, méthode simple et pratique pour retenir les principaux faits et les dates de l'histoire romaine"
13366413,"Le procédé au gélatino-bromure, suivi d'une note de Edw Milsom sur les clichés portatifs, et de la traduction des notices de R Kennett et Rév H-G Palmer"
13732372,Géographie historique et administrative de la Gaule romaine
13315470,"Projet de Code Pénal pour l'empire du Japon, présenté au Sénat par le Ministre de la Justice le 8e mois de la 10e année de Meiji (Août 1877)"
13576247,Kritisch-erklärendes Handwörterbuch der deutschen Sprache
12995500,"De l'existence universelle, de celle de l'Homme en société et de ses fins"
12608292,Leben und Kunst des schwedischen Malers Peter Hörberg
11790375,Essai sur la coqueluche
17476855,"Considération sur le projet de municipalité, par l'ex-bourg-mestre de Chestret, Baron de Hanneffe, colonel du régiment municipal. Liege en septembre 1790"
15099272,Trois piéces remarquables adressées au public de la part des Etats de Brabant
12766129,Dictionnaire des Pseudonymes
12124699,Les Solitudes
12055527,Die politischen Parteien Griechenlands
13685393,Notice sur un cartulaire de l'abbaye de Saint-Ghislain
12384903,Par les chemins
12521836,Reseña de los acontecimientos politicos y militares de la provincia de Guayaquil desde 1813 hasta 1824 inclusives
12444244,L'artiglieria da campo in Europa nel 1876
12573485,Lebenserinnerung und Briefwechsel
12692604,Traité pratique d'electricité
12661460,"Études sur les machines, d'après l'expérience et le raisonnement"
12056843,Die römisch-rechtlichen Mittheilungen in des Tacitus Geschichtbüchern
12100943,Programma van het provinciaal Utrechtsche genootschap van kunsten en wetenschappen
11754516,Reisen nach dem Nordpalarmeer in den Jahren 1870 und 1871
13648732,"Estudos sobre alguns portos commerciaes da Europa, Asia, Africa e Oceania e sobre diversos serviços concernentes à engenheria civil"
11606178,Dicht-en Prozastukjes
13132164,Causes & effets de l'accroissement successif des armées permanentes
11320872,Le créancier hypothécaire
13532624,Règlement contre les incendies
13317862,"Obras de Don Manuel Breton de los Herreros, de la Real Academia Española"
12054631,Poésie
13426669,Précis pratique de la méthode d'enseignement
13681452,Catalogue des anciennes porcelaines tendres de sèvres (...)
11609478,"Manuel complet et pratique du cubage des bois,"
12521959,La République du Chili
12756734,Bij kinderen
12944200,Portraits du XVIIe siècle
11837033,Histoire du fer dans le pays de Namur
12398469,Osservazioni presentate all'assemblea della banca romana
12922933,Attribution de quelques médailles inédites au monnayage primitif des Arabes à Alexandrie
12132733,Grande question au XIXe siècle
12830674,Aperçu sur les institutions subsidiaires pour les ouvriers attachés aux établissements métallurgiques en Russie
11493695,Au Coin du feu
12227120,Storia del reame di Napoli dal 1734 sino al 1825
12504828,Attila dans les Gaules en 451
11841367,"Société générale des agglomérés magnésiens, Brevetés s. g. d. g. en France et à l'étranger"
11449003,Lieder Guillems IX
13560173,Annales Ardennaises
11957020,Études morales et littéraires
12045646,Pour l'inventeur
12984328,Lettres du baron de Marchant sur la numismatique et l'histoire
12138337,"Extraits de l'article publié par Monsieur Édouard Laboulaye (aujourd'hui professeur de législation comparée au Collége de France) dans la Revue de Législation, t. 24, septembre et décembre, p. 289-370, sous ce titre : Quelques Réflexions sur l'Enseignement du Droit en France, etc"
11767356,Servitudes militaires
12217172,Patria e biografia Del Grande Ammiraglio d. Cristoforo Colombo
11811220,Recherches anatomiques sur les organes végétatifs de l'urtica dioica
13481292,Valentinelli Giuseppe degli studi sul Friuli
13350367,Variétés littéraires
11900402,Le gallerie e i Musei di Firenze
22111343,Drei Monate in der libyschen Wüste
11448868,Histoire des votes des représentants du peuple
12332549,"Curiosités historiques sur Louis XIII, Louis XIV, Louis XV, Mme de Maintenon, Mme de Pompadour, Mme du Barry, etc"
12582186,Traité de l'expropriation pour cause d'utilité publique
13210012,Visites et études de S.A.I. le prince Napoléon au palais de l'industrie
22099729,Les saisons
13514261,Obras poeticas de Diego Hurtado de Mendoza
12653326,Madame Surinet-Durand officier d'Académie
13134569,"Histoire de Soulavie (naturaliste, diplomate, historien)"
13355409,"Histoire économique de la propriété, des salaires, des denrées et de tous les prix en général"
12235763,"De la compensation en droit romain, du compte courant en droit français"
12805836,Les salons de Paris et la Societé parisienne sous Napoléon III
11697487,La culture intensive de l'oeuf et son incubation
13498850,Lettres d'Auguste Comte fondateur de la religion universelle et premier grand-prêtre  de l'humanité a Henry Edger et a M. John Metcalf
12352873,De deugd voor alle staten
13648179,De l'administration de la ville de Londres
12754923,"Le travail, loi de la vie et de l'éducation"
11957850,"Une dévotion chère à Marie, ou Le jardin aux roses de Notre-Dame"
12260702,Archéologie religieuse
13288613,Le commerce extérieur et la politique de la France
13278581,"Le livre du diable, recueil de Satires et de Pamphlets sur les hommes et les choses de la Révolution Belge"
12559570,Giunte e correzioni alla Lettera A della Bibliografia Siciliana
12527847,Réglementation des mines et carrières à l'étranger
11664391,Epernay et l'abbaye de Saint-Martin de cette ville
13028209,De l'Avenir de la Littérature française
13221334,"A discriptive, explanatory, and critical, catalogue of fifty of the earliest pictures contained in the national Gallery of Great Britain"
12454260,Charlemagne
12841004,L'incendie de l'opéra
13604492,Vondel et la Belgique
12055380,Satires et poésies diverses
12608659,"The origin, progress, and present condition of the fine arts in Great Britain and Ireland"
12040415,Manuel pour servir à la préparation de l'examen diplomatique
12807640,Noël le Mire et son oeuvre
12238472,Résultats scientifiques et pratiques destinés à la construction des machines
22120643,Les institutions ouvrières de la Suisse
12021710,Regulations respecting the navigation of channels at mouth of the Mississipi river
22091068,"Oeuvres choisies, mémoire et correspondance de Bertin du Rocheret"
13436304,Discussions du code Napoléon dans le conseil d'état (...)
12614108,Enea Vico e l'antico museo estense delle medaglie
22069439,Geschichte der familie Schenk von Nydeggen
11700409,Vade Mecum du membre visiteur de la Société de Saint Vincent-de- Paul à Gand
12664581,L'insuffisance financière
22174649,Jean-Paul Marat
12099512,Iconographie chrétienne de Belgique
12397599,En faveur du Congo et contre sa reprise immédiate
13254176,"The physiology of the foetus, liver and Spleen"
12458887,Code de la législation forestière
22288578,Note sur l'erreur probable d'un passage observé à la lunette méridienne de l'observatoire royal de Bruxelles
22049585,Art de parler et d'écrire ou traité de rhétorique générale
12716699,De l'efficacité des feuilles de Houx (Ilex aquifolium) dans le traitement des fièvres intermittentes
12997037,Droit romain. Mandatum pecuniae credendae. Droit français. Effets du cautionnement en droit civil
12060019,Analysis and review of the Blue Book of the royal commission on Capital punishment
11654251,Sulla convenienza ed utilità d'istituire nelle provincie venete una società contro il maltrattamento degli animali
11458675,L'ode Pitia I. di Pindaro
11490274,"Korte verhandeling van God, de mensch en deszelfs welstand"
12582726,Manuel d'hygiène à l'usage des enfants et des gens du monde
13475369,Principles of Hindu and Mohammadan law
12798559,La Vie
12663557,La Monnaie
12439258,Exposition Universelle de Vienne en 1873
11689390,Histoire de Cambrai et du Cambrèsis
12638220,Le peuple Siamois ou Thaï
12757785,Catalogue des indulgences du Saint Rosaire
11618572,Pasteur as the founder of stereo-chemistry
12512186,Chants intimes
13365636,Méthodes chimiques pour la recherche des falsifications
13725989,Handbuch der Verwaltungslehre
22264513,Un mot sur les associations d'ouvriers
12674208,Les Oeuvres et les Hommes
12829602,De la fièvre traumatique et de l'infection purulente
13675550,Bi-Metallism
12467212,La strega ovvero degli Inganni de' Demoni
12975355,Peinture - sculpture
12574255,Le pas des armes de Scandricourt
13367644,"The river Congo, from its mouth to Bolobo, with a general description of the natural History and Anthropology of its Western Basin"
11267077,"Eléments de droit civil scandinave (Danemark, Norvège, Suède)"
22170679,Transport
13548586,Le calcul vectoriel et ses applications en géométrie et en mécanique
12634261,Harry Calverley
11763078,Maurice Ledroit
22426311,Correspondances. Lettres à sa mère
11687876,"Réponse à Mr. le Baron J. L. de Scherpenzeel-Heusch, sur les erreurs contenues dans sa brochure L'avenir de la Belgique"
12962372,Appendice
13140912,Annuaire de l'hydrothérapie
13227043,Extracto metódico de un curso completo de Derecho político y administrativo
12442192,Die Betheiligung des Groszherzogthums Baden an der Universalaustellung zu Paris im Jahre 1867
11318977,Fabrication des Etoffes
13011162,De la consommation des vins de France en Angleterre
11383692,Oraison funèbre Louis XVIII
12105079,"De la Liberté, de la Méthode et de l'Esprit de Système dans l'Etude de la Nature"
22178188,Gloria y gratitud al immortal autor del Primus Me Circumdedisti Juan Sebastian del Cano
13510451,Guía de la Villa y Archivo de Simancas
12546088,Handbuch der mechanischen Technologie
12459178,Lettres de Alexandre Vinet
12171344,Dissertatio inauguralis chemico-medica de Alcohole [...]
13529221,Digt-Konst van Boileau-Despréaux (...)
11569291,Nouvelle théorie de la formation des filons [...]
15138176,[1734 06 23] Ordonnantie der Heeren wethouderen op het taxaet der drogen ende medicamenten raeckende de pharmacie van de apotekarissen der stadt Brussel
11937571,L'Art poétique d'Horace
11520346,"Die Bösartigkeit der Carcinome, dargestelt als eine Folge ihrer örtlichen Destructivität"
11910695,Remarques sur les caractères généraux des singes américains et Description d'un genre Nouveau (...)
13514958,Geschichten einiger der berühmtesten Burgen und Familien des Herzogthums Braunschweig
13222602,L'ombre de Diderot et le bossu du marais
13229036,Nuovo prospetto della scienze economiche (...)
11340561,Antidote contre le somnambulisme [...]
12453864,Oeuvres facétieuses de Henri Delmotte
12170689,Ueber Pharmacopoeen überhaupt und die neu zu bearbeitende [...]
12174443,Notice sur l'eau minérale de Schwalheim
12152755,"De la nouvelle école de chirurgie dentaire, ou de la guérison substituée à l'extraction"
13625138,Succincta descriptio febris epidemicae Malagae nuper saevientis() edita jussu DPetri Truxillo rerum militarium civiliumque rectoris Malaga ex hisponico in latinum versa a Iosepho Salomone Frank
12170151,The chemical decompositions of the London Pharmacopoeia
12982019,Descriptio graminum in Gallia et Germania
11788213,"Catalogue des ouvrages mis à l'Index, contenant le nom de tous les livres condamnés par la cour de Rome"
12290034,Etudes sur l'article 67 du code de commerce
13027381,Recherches sur la nature et les lois de l'imagination
11784903,Du choléra. Origine. Propagation. Moyens préservatifs
12356326,"Jeanne de Vaubernier, ou la cour de Louis XV"
13043330,"Epitome linguae japonicae. Auctore Ph. Fr. de Siebold, med. docte"
13210643,Sur l'ordre des colonnes - piliers en Egypte et ses rapports avec le second ordre égyptien et la colonne grecque
12509346,Principales causes de la richesse ou de la misère des peuples et des particuliers
12207829,"Manuel du publiciste et de l'homme d'État, contenant les chartes et lois fondamentales, les traités, conventions et notes diplomatiques, les proclamations, actes publics et autres documens officies"
13408564,Les mois
12679390,"Remarques inédites du président Bouhier, de Breitinger et du Père Oudin sur quelques passages d'Horace [...]"
12309375,"Lamuel, ou le Livre du Seigneur"
13027886,Histoire diplomatique de Martin Behaim
12137464,Histoire de l'ophthalmie des armées
11914077,Historia molluscorum Sveciae [...]
13332971,"Examen historique de la révolution espagnole suivi d'observations sur l'esprit public, la religion [...]"
11913398,Catalogue synonmique et raisonné des testacés fossiles recueillis dans les faluns miocènes des communes de La Brède et de Saucats
11938983,History of Spanish and Portuguese literature
11344772,"Réponse au mémoire adressé le 14 janvier 1837, par Mr. L. Ocreman, curé de l'église de Saint-Claire, a MM. les bourgmestre et échevins de cette ville"
13471006,Description historique et pittoresque de l'église cathédrale de Saint Bavon [...]
12359151,Iris
12360294,Forte-spada l'Aventurier
12000148,Dal Saggio sopra l'origine unica delle cifre e lettere di tutti i popoli per M. De Paravey
13294545,Scènes populaires montoises
13330404,"Le quadrille des enfans, ou système nouveau de lecture (...) avec figures en taille-douce"
13401752,Le Danube allemand et l'Allemagne du Sud
12202212,"Nouvelle Histoire de France de le Ragois [...], suivie d'un Abrégé de l'histoire romaine, ancienne, poétique et de la Géographie"
13156156,Une monnaie de Blankenberg
12408801,Eclisse solare del giorno 18 giugno 1860
11703282,Zoonomia ovvero leggi della vita organica di Erasmo Darwin [...]
11556537,Reseña histórica de los monumentos que existen en la insigne ciudad de Alcala de Henares
13732370,"Afrika von Süd nach West und von West nach Ost endlich einmal durchkreuzt, oder Kurze Uebersicht der Missionsreisen und Entdeckungen des Dr. Livingston durch [...]"
